"Title:Nome","Lookup:Ano de admissao","Lookup:Curso","Lookup:ADM_CODIGO_CHR","Lookup:SRE_CODIGO_CHR"
136081,"20081","CIÊNCIA DA COMPUTAÇÃO","ES","E"
137563,"20081","CIÊNCIA DA COMPUTAÇÃO","ES","E"
137565,"20081","CIÊNCIA DA COMPUTAÇÃO","ES","E"
137567,"20081","CIÊNCIA DA COMPUTAÇÃO","ES","E"
137570,"20081","CIÊNCIA DA COMPUTAÇÃO","ES","E"
137572,"20081","CIÊNCIA DA COMPUTAÇÃO","ES","E"
137573,"20081","CIÊNCIA DA COMPUTAÇÃO","ES","E"
137574,"20081","CIÊNCIA DA COMPUTAÇÃO","ES","E"
137575,"20081","CIÊNCIA DA COMPUTAÇÃO","ES","E"
138171,"20081","CIÊNCIA DA COMPUTAÇÃO","ES","E"
138172,"20081","CIÊNCIA DA COMPUTAÇÃO","ES","E"
138173,"20081","CIÊNCIA DA COMPUTAÇÃO","ES","E"
138174,"20081","CIÊNCIA DA COMPUTAÇÃO","ES","E"
138175,"20081","CIÊNCIA DA COMPUTAÇÃO","ES","E"
138176,"20081","CIÊNCIA DA COMPUTAÇÃO","ES","E"
138177,"20081","CIÊNCIA DA COMPUTAÇÃO","ES","E"
138178,"20081","CIÊNCIA DA COMPUTAÇÃO","ES","E"
138179,"20081","CIÊNCIA DA COMPUTAÇÃO","ES","E"
138180,"20081","CIÊNCIA DA COMPUTAÇÃO","ES","E"
138181,"20081","CIÊNCIA DA COMPUTAÇÃO","ES","E"
138182,"20081","CIÊNCIA DA COMPUTAÇÃO","ES","E"
138183,"20081","CIÊNCIA DA COMPUTAÇÃO","ES","E"
138184,"20081","CIÊNCIA DA COMPUTAÇÃO","ES","E"
138185,"20081","CIÊNCIA DA COMPUTAÇÃO","ES","E"
141440,"20082","SISTEMAS DE INFORMACAO","VT","N"
141441,"20082","SISTEMAS DE INFORMACAO","VT","E"
141442,"20082","SISTEMAS DE INFORMACAO","VT","E"
141443,"20082","SISTEMAS DE INFORMACAO","VT","E"
141444,"20082","SISTEMAS DE INFORMACAO","VT","N"
141445,"20082","SISTEMAS DE INFORMACAO","VT","N"
141446,"20082","SISTEMAS DE INFORMACAO","VT","N"
141447,"20082","SISTEMAS DE INFORMACAO","VT","E"
141448,"20082","SISTEMAS DE INFORMACAO","VT","N"
141449,"20082","SISTEMAS DE INFORMACAO","VT","N"
141450,"20082","SISTEMAS DE INFORMACAO","VT","E"
141451,"20082","SISTEMAS DE INFORMACAO","VT","N"
141452,"20082","SISTEMAS DE INFORMACAO","VT","N"
141453,"20082","SISTEMAS DE INFORMACAO","VT","E"
141454,"20082","SISTEMAS DE INFORMACAO","VT","E"
141455,"20082","SISTEMAS DE INFORMACAO","VT","N"
141456,"20082","SISTEMAS DE INFORMACAO","VT","E"
141457,"20082","SISTEMAS DE INFORMACAO","VT","E"
140539,"20081","CIÊNCIA DA COMPUTAÇÃO","ES","E"
144310,"20081","CIÊNCIA DA COMPUTAÇÃO","ES","E"
144312,"20081","CIÊNCIA DA COMPUTAÇÃO","ES","E"
146995,"20081","CIÊNCIA DA COMPUTAÇÃO","ES","E"
147181,"20081","CIÊNCIA DA COMPUTAÇÃO","ES","E"
147190,"20081","CIÊNCIA DA COMPUTAÇÃO","ES","E"
149908,"20082","SISTEMAS DE INFORMACAO","TE","E"
152628,"20082","CIÊNCIA DA COMPUTAÇÃO","VT","N"
144683,"20081","CIÊNCIA DA COMPUTAÇÃO","ES","E"
147310,"20081","CIÊNCIA DA COMPUTAÇÃO","ES","E"
147312,"20081","CIÊNCIA DA COMPUTAÇÃO","ES","N"
153547,"20082","CIÊNCIA DA COMPUTAÇÃO","VT","E"
153961,"20082","CIÊNCIA DA COMPUTAÇÃO","ES","N"
154407,"20081","CIÊNCIA DA COMPUTAÇÃO","ES","E"
155653,"20082","SISTEMAS DE INFORMACAO","VT","N"
155949,"20082","CIÊNCIA DA COMPUTAÇÃO","ES","N"
155995,"20082","CIÊNCIA DA COMPUTAÇÃO","ES","E"
158611,"20091","CIÊNCIA DA COMPUTAÇÃO","VT","N"
158613,"20092","CIÊNCIA DA COMPUTAÇÃO","VT","N"
158766,"20092","SISTEMAS DE INFORMACAO","VT","N"
158864,"20092","SISTEMAS DE INFORMACAO","VT","E"
156671,"20082","CIÊNCIA DA COMPUTAÇÃO","ES","E"
157892,"20091","CIÊNCIA DA COMPUTAÇÃO","VT","N"
158990,"20092","SISTEMAS DE INFORMACAO","VT","N"
157070,"20092","SISTEMAS DE INFORMACAO","VT","N"
157091,"20092","SISTEMAS DE INFORMACAO","VT","N"
158068,"20091","CIÊNCIA DA COMPUTAÇÃO","VT","N"
159214,"20092","SISTEMAS DE INFORMACAO","VT","N"
159354,"20091","CIÊNCIA DA COMPUTAÇÃO","VT","N"
157292,"20091","CIÊNCIA DA COMPUTAÇÃO","VT","N"
157302,"20091","CIÊNCIA DA COMPUTAÇÃO","VT","N"
157324,"20092","CIÊNCIA DA COMPUTAÇÃO","VT","N"
157465,"20092","SISTEMAS DE INFORMACAO","VT","N"
157483,"20091","CIÊNCIA DA COMPUTAÇÃO","VT","N"
157490,"20092","CIÊNCIA DA COMPUTAÇÃO","VT","N"
158381,"20092","CIÊNCIA DA COMPUTAÇÃO","VT","E"
158486,"20092","SISTEMAS DE INFORMACAO","VT","N"
159469,"20092","SISTEMAS DE INFORMACAO","VT","N"
159486,"20091","CIÊNCIA DA COMPUTAÇÃO","VT","N"
159497,"20091","CIÊNCIA DA COMPUTAÇÃO","VT","N"
159572,"20092","CIÊNCIA DA COMPUTAÇÃO","VT","E"
159604,"20091","CIÊNCIA DA COMPUTAÇÃO","ES","E"
157519,"20091","CIÊNCIA DA COMPUTAÇÃO","VT","N"
157556,"20092","CIÊNCIA DA COMPUTAÇÃO","VT","N"
157563,"20091","CIÊNCIA DA COMPUTAÇÃO","VT","E"
157599,"20092","SISTEMAS DE INFORMACAO","VT","N"
157633,"20091","CIÊNCIA DA COMPUTAÇÃO","VT","N"
157676,"20092","SISTEMAS DE INFORMACAO","VT","N"
144887,"20081","CIÊNCIA DA COMPUTAÇÃO","VT","N"
147561,"20081","CIÊNCIA DA COMPUTAÇÃO","ES","E"
147562,"20081","CIÊNCIA DA COMPUTAÇÃO","ES","E"
147612,"20082","SISTEMAS DE INFORMACAO","VT","N"
147703,"20081","CIÊNCIA DA COMPUTAÇÃO","ES","E"
147704,"20081","CIÊNCIA DA COMPUTAÇÃO","ES","E"
147735,"20081","CIÊNCIA DA COMPUTAÇÃO","ES","E"
147736,"20081","CIÊNCIA DA COMPUTAÇÃO","ES","E"
145152,"20082","SISTEMAS DE INFORMACAO","VT","E"
145153,"20082","SISTEMAS DE INFORMACAO","VT","E"
145154,"20082","SISTEMAS DE INFORMACAO","VT","E"
145155,"20082","SISTEMAS DE INFORMACAO","VT","E"
145156,"20082","SISTEMAS DE INFORMACAO","VT","N"
145157,"20082","SISTEMAS DE INFORMACAO","VT","N"
145158,"20082","SISTEMAS DE INFORMACAO","VT","E"
145159,"20082","SISTEMAS DE INFORMACAO","VT","E"
145160,"20082","SISTEMAS DE INFORMACAO","VT","E"
145161,"20082","SISTEMAS DE INFORMACAO","VT","E"
145162,"20082","SISTEMAS DE INFORMACAO","VT","E"
145163,"20082","SISTEMAS DE INFORMACAO","VT","N"
145164,"20082","SISTEMAS DE INFORMACAO","VT","N"
145165,"20082","SISTEMAS DE INFORMACAO","VT","N"
145166,"20082","SISTEMAS DE INFORMACAO","VT","E"
145167,"20082","SISTEMAS DE INFORMACAO","VT","N"
145168,"20082","SISTEMAS DE INFORMACAO","VT","E"
145169,"20082","SISTEMAS DE INFORMACAO","VT","N"
145170,"20082","SISTEMAS DE INFORMACAO","VT","N"
145171,"20082","SISTEMAS DE INFORMACAO","VT","N"
145222,"20081","CIÊNCIA DA COMPUTAÇÃO","ES","E"
147907,"20081","SISTEMAS DE INFORMACAO","NT","E"
147908,"20081","SISTEMAS DE INFORMACAO","NT","E"
147909,"20081","SISTEMAS DE INFORMACAO","TC","E"
147910,"20081","SISTEMAS DE INFORMACAO","NT","E"
147911,"20081","SISTEMAS DE INFORMACAO","NT","E"
147912,"20081","SISTEMAS DE INFORMACAO","TC","N"
142328,"20082","SISTEMAS DE INFORMACAO","TE","E"
142513,"20081","CIÊNCIA DA COMPUTAÇÃO","VT","E"
145451,"20081","CIÊNCIA DA COMPUTAÇÃO","ES","E"
145454,"20081","CIÊNCIA DA COMPUTAÇÃO","ES","E"
145460,"20081","CIÊNCIA DA COMPUTAÇÃO","ES","E"
145464,"20081","CIÊNCIA DA COMPUTAÇÃO","ES","E"
145777,"20081","CIÊNCIA DA COMPUTAÇÃO","VT","N"
145779,"20081","SISTEMAS DE INFORMACAO","VT","N"
142888,"20082","SISTEMAS DE INFORMACAO","VT","E"
143136,"20081","CIÊNCIA DA COMPUTAÇÃO","VT","N"
145894,"20081","CIÊNCIA DA COMPUTAÇÃO","ES","E"
145895,"20081","CIÊNCIA DA COMPUTAÇÃO","ES","E"
145896,"20081","CIÊNCIA DA COMPUTAÇÃO","ES","E"
145897,"20081","CIÊNCIA DA COMPUTAÇÃO","ES","E"
148635,"20081","SISTEMAS DE INFORMACAO","NT","E"
148636,"20081","SISTEMAS DE INFORMACAO","NT","E"
148705,"20081","CIÊNCIA DA COMPUTAÇÃO","ES","E"
148709,"20081","CIÊNCIA DA COMPUTAÇÃO","ES","E"
143145,"20081","CIÊNCIA DA COMPUTAÇÃO","TE","E"
143151,"20082","CIÊNCIA DA COMPUTAÇÃO","VT","E"
143152,"20082","CIÊNCIA DA COMPUTAÇÃO","VT","N"
143153,"20082","CIÊNCIA DA COMPUTAÇÃO","VT","E"
143154,"20082","CIÊNCIA DA COMPUTAÇÃO","VT","N"
143155,"20082","CIÊNCIA DA COMPUTAÇÃO","VT","E"
143156,"20082","CIÊNCIA DA COMPUTAÇÃO","VT","N"
143157,"20082","CIÊNCIA DA COMPUTAÇÃO","VT","E"
143158,"20082","CIÊNCIA DA COMPUTAÇÃO","VT","N"
143159,"20082","CIÊNCIA DA COMPUTAÇÃO","VT","N"
143160,"20082","CIÊNCIA DA COMPUTAÇÃO","VT","N"
143161,"20081","CIÊNCIA DA COMPUTAÇÃO","VT","E"
143162,"20082","CIÊNCIA DA COMPUTAÇÃO","VT","N"
143163,"20081","CIÊNCIA DA COMPUTAÇÃO","VT","E"
143164,"20081","CIÊNCIA DA COMPUTAÇÃO","VT","E"
143165,"20081","CIÊNCIA DA COMPUTAÇÃO","VT","E"
143166,"20081","CIÊNCIA DA COMPUTAÇÃO","VT","E"
143167,"20082","CIÊNCIA DA COMPUTAÇÃO","VT","E"
143168,"20081","CIÊNCIA DA COMPUTAÇÃO","VT","E"
143169,"20082","SISTEMAS DE INFORMACAO","VT","N"
143170,"20081","CIÊNCIA DA COMPUTAÇÃO","VT","E"
143171,"20082","CIÊNCIA DA COMPUTAÇÃO","VT","N"
143172,"20082","CIÊNCIA DA COMPUTAÇÃO","VT","E"
143173,"20082","CIÊNCIA DA COMPUTAÇÃO","VT","N"
143174,"20082","CIÊNCIA DA COMPUTAÇÃO","VT","E"
143175,"20082","CIÊNCIA DA COMPUTAÇÃO","VT","E"
143176,"20081","CIÊNCIA DA COMPUTAÇÃO","VT","E"
143177,"20082","CIÊNCIA DA COMPUTAÇÃO","VT","E"
143178,"20081","CIÊNCIA DA COMPUTAÇÃO","VT","E"
143179,"20081","CIÊNCIA DA COMPUTAÇÃO","VT","E"
143180,"20082","CIÊNCIA DA COMPUTAÇÃO","VT","N"
143399,"20081","SISTEMAS DE INFORMACAO","VT","T"
146191,"20081","SISTEMAS DE INFORMACAO","TE","N"
148910,"20081","CIÊNCIA DA COMPUTAÇÃO","ES","E"
148912,"20081","CIÊNCIA DA COMPUTAÇÃO","ES","E"
148913,"20081","CIÊNCIA DA COMPUTAÇÃO","ES","E"
148914,"20081","CIÊNCIA DA COMPUTAÇÃO","ES","E"
149005,"20081","CIÊNCIA DA COMPUTAÇÃO","ES","N"
149008,"20081","CIÊNCIA DA COMPUTAÇÃO","ES","N"
149010,"20081","CIÊNCIA DA COMPUTAÇÃO","ES","E"
151977,"20082","CIÊNCIA DA COMPUTAÇÃO","VT","E"
143929,"20081","CIÊNCIA DA COMPUTAÇÃO","VT","E"
143930,"20081","CIÊNCIA DA COMPUTAÇÃO","VT","E"
143931,"20082","CIÊNCIA DA COMPUTAÇÃO","VT","E"
143932,"20081","CIÊNCIA DA COMPUTAÇÃO","VT","E"
143933,"20081","CIÊNCIA DA COMPUTAÇÃO","VT","E"
143934,"20081","CIÊNCIA DA COMPUTAÇÃO","VT","E"
143935,"20081","CIÊNCIA DA COMPUTAÇÃO","VT","T"
143936,"20082","CIÊNCIA DA COMPUTAÇÃO","VT","E"
143937,"20082","CIÊNCIA DA COMPUTAÇÃO","VT","E"
143938,"20082","CIÊNCIA DA COMPUTAÇÃO","VT","E"
143939,"20081","CIÊNCIA DA COMPUTAÇÃO","VT","E"
143940,"20082","CIÊNCIA DA COMPUTAÇÃO","VT","E"
143941,"20082","CIÊNCIA DA COMPUTAÇÃO","VT","N"
143942,"20082","CIÊNCIA DA COMPUTAÇÃO","VT","E"
143943,"20081","CIÊNCIA DA COMPUTAÇÃO","VT","E"
143944,"20081","CIÊNCIA DA COMPUTAÇÃO","VT","N"
143945,"20081","CIÊNCIA DA COMPUTAÇÃO","VT","E"
143946,"20081","CIÊNCIA DA COMPUTAÇÃO","VT","E"
143947,"20081","CIÊNCIA DA COMPUTAÇÃO","VT","N"
143948,"20081","CIÊNCIA DA COMPUTAÇÃO","VT","E"
143949,"20082","CIÊNCIA DA COMPUTAÇÃO","VT","N"
143950,"20082","CIÊNCIA DA COMPUTAÇÃO","VT","N"
143951,"20081","CIÊNCIA DA COMPUTAÇÃO","VT","E"
143952,"20082","CIÊNCIA DA COMPUTAÇÃO","VT","N"
143953,"20081","CIÊNCIA DA COMPUTAÇÃO","VT","N"
143954,"20081","CIÊNCIA DA COMPUTAÇÃO","VT","E"
143955,"20081","CIÊNCIA DA COMPUTAÇÃO","VT","E"
143956,"20081","CIÊNCIA DA COMPUTAÇÃO","VT","N"
143957,"20081","CIÊNCIA DA COMPUTAÇÃO","VT","N"
143958,"20082","CIÊNCIA DA COMPUTAÇÃO","VT","N"
143959,"20081","CIÊNCIA DA COMPUTAÇÃO","VT","E"
143960,"20081","CIÊNCIA DA COMPUTAÇÃO","VT","E"
149435,"20081","CIÊNCIA DA COMPUTAÇÃO","ES","E"
149629,"20082","CIÊNCIA DA COMPUTAÇÃO","VT","N"
149656,"20082","CIÊNCIA DA COMPUTAÇÃO","VT","E"
149663,"20082","SISTEMAS DE INFORMACAO","VT","N"
143961,"20081","CIÊNCIA DA COMPUTAÇÃO","VT","E"
143962,"20081","CIÊNCIA DA COMPUTAÇÃO","VT","N"
143963,"20082","CIÊNCIA DA COMPUTAÇÃO","VT","N"
144113,"20081","CIÊNCIA DA COMPUTAÇÃO","ES","E"
144120,"20081","CIÊNCIA DA COMPUTAÇÃO","ES","E"
144121,"20081","CIÊNCIA DA COMPUTAÇÃO","ES","E"
144125,"20081","CIÊNCIA DA COMPUTAÇÃO","VT","E"
144126,"20081","CIÊNCIA DA COMPUTAÇÃO","VT","E"
144127,"20081","CIÊNCIA DA COMPUTAÇÃO","VT","E"
144128,"20081","CIÊNCIA DA COMPUTAÇÃO","VT","E"
144129,"20081","CIÊNCIA DA COMPUTAÇÃO","VT","E"
144130,"20082","CIÊNCIA DA COMPUTAÇÃO","VT","E"
144131,"20082","CIÊNCIA DA COMPUTAÇÃO","VT","E"
144132,"20081","CIÊNCIA DA COMPUTAÇÃO","VT","N"
144133,"20082","CIÊNCIA DA COMPUTAÇÃO","VT","N"
144134,"20082","CIÊNCIA DA COMPUTAÇÃO","VT","N"
162229,"20092","SISTEMAS DE INFORMACAO","VT","E"
162251,"20092","CIÊNCIA DA COMPUTAÇÃO","VT","N"
162287,"20092","CIÊNCIA DA COMPUTAÇÃO","VT","N"
162334,"20091","CIÊNCIA DA COMPUTAÇÃO","ES","E"
162337,"20091","CIÊNCIA DA COMPUTAÇÃO","ES","E"
162385,"20091","SISTEMAS DE INFORMACAO","VT","N"
162389,"20092","CIÊNCIA DA COMPUTAÇÃO","VT","E"
164903,"20092","CIÊNCIA DA COMPUTAÇÃO","VT","E"
164973,"20091","CIÊNCIA DA COMPUTAÇÃO","VT","E"
164974,"20092","CIÊNCIA DA COMPUTAÇÃO","VT","N"
165010,"20091","CIÊNCIA DA COMPUTAÇÃO","NT","E"
165023,"20091","CIÊNCIA DA COMPUTAÇÃO","TC","N"
165104,"20092","CIÊNCIA DA COMPUTAÇÃO","VT","E"
167851,"20091","CIÊNCIA DA COMPUTAÇÃO","ES","E"
167923,"20091","CIÊNCIA DA COMPUTAÇÃO","ES","N"
167953,"20091","CIÊNCIA DA COMPUTAÇÃO","ES","E"
170567,"20092","CIÊNCIA DA COMPUTAÇÃO","VT","N"
170599,"20092","CIÊNCIA DA COMPUTAÇÃO","VT","N"
162515,"20092","SISTEMAS DE INFORMACAO","VT","N"
162561,"20092","CIÊNCIA DA COMPUTAÇÃO","VT","E"
162566,"20092","CIÊNCIA DA COMPUTAÇÃO","VT","E"
162587,"20091","CIÊNCIA DA COMPUTAÇÃO","VT","N"
162658,"20091","CIÊNCIA DA COMPUTAÇÃO","VT","E"
162691,"20091","CIÊNCIA DA COMPUTAÇÃO","VT","N"
162696,"20092","CIÊNCIA DA COMPUTAÇÃO","VT","E"
162712,"20092","CIÊNCIA DA COMPUTAÇÃO","VT","N"
165152,"20092","CIÊNCIA DA COMPUTAÇÃO","VT","E"
165273,"20091","CIÊNCIA DA COMPUTAÇÃO","NT","E"
168141,"20091","CIÊNCIA DA COMPUTAÇÃO","ES","E"
168143,"20091","CIÊNCIA DA COMPUTAÇÃO","ES","E"
168160,"20091","CIÊNCIA DA COMPUTAÇÃO","ES","N"
168188,"20092","CIÊNCIA DA COMPUTAÇÃO","VT","N"
168256,"20091","CIÊNCIA DA COMPUTAÇÃO","ES","N"
170903,"20091","CIÊNCIA DA COMPUTAÇÃO","ES","N"
171125,"20091","CIÊNCIA DA COMPUTAÇÃO","ES","E"
171234,"20091","CIÊNCIA DA COMPUTAÇÃO","ES","E"
171606,"20091","CIÊNCIA DA COMPUTAÇÃO","ES","E"
172021,"20091","CIÊNCIA DA COMPUTAÇÃO","ES","N"
172060,"20091","CIÊNCIA DA COMPUTAÇÃO","ES","E"
172234,"20101","CIÊNCIA DA COMPUTAÇÃO","ES","E"
172235,"20101","CIÊNCIA DA COMPUTAÇÃO","ES","E"
172236,"20101","CIÊNCIA DA COMPUTAÇÃO","ES","E"
172237,"20101","CIÊNCIA DA COMPUTAÇÃO","ES","E"
172238,"20101","CIÊNCIA DA COMPUTAÇÃO","ES","E"
172345,"20101","CIÊNCIA DA COMPUTAÇÃO","ES","E"
172540,"20101","CIÊNCIA DA COMPUTAÇÃO","ES","E"
172541,"20101","CIÊNCIA DA COMPUTAÇÃO","ES","E"
172765,"20092","CIÊNCIA DA COMPUTAÇÃO","ES","N"
172983,"20101","CIÊNCIA DA COMPUTAÇÃO","ES","E"
173133,"20101","CIÊNCIA DA COMPUTAÇÃO","VT","N"
173135,"20101","CIÊNCIA DA COMPUTAÇÃO","VT","N"
173164,"20102","SISTEMAS DE INFORMACAO","VT","E"
173165,"20101","CIÊNCIA DA COMPUTAÇÃO","VT","N"
173258,"20101","CIÊNCIA DA COMPUTAÇÃO","ES","E"
173350,"20101","CIÊNCIA DA COMPUTAÇÃO","ES","E"
173500,"20101","CIÊNCIA DA COMPUTAÇÃO","ES","E"
173534,"20101","CIÊNCIA DA COMPUTAÇÃO","VT","N"
173538,"20102","CIÊNCIA DA COMPUTAÇÃO","VT","N"
173773,"20102","SISTEMAS DE INFORMACAO","VT","N"
174448,"20101","CIÊNCIA DA COMPUTAÇÃO","ES","E"
174449,"20101","CIÊNCIA DA COMPUTAÇÃO","ES","E"
176558,"20101","SISTEMAS DE INFORMACAO","VT","N"
176596,"20102","SISTEMAS DE INFORMACAO","VT","N"
174778,"20092","CIÊNCIA DA COMPUTAÇÃO","ES","E"
175701,"20101","SISTEMAS DE INFORMACAO","VT","N"
175721,"20101","CIÊNCIA DA COMPUTAÇÃO","VT","N"
175790,"20101","CIÊNCIA DA COMPUTAÇÃO","ES","E"
175844,"20102","CIÊNCIA DA COMPUTAÇÃO","VT","E"
175937,"20101","CIÊNCIA DA COMPUTAÇÃO","VT","N"
175947,"20101","CIÊNCIA DA COMPUTAÇÃO","VT","N"
175949,"20101","CIÊNCIA DA COMPUTAÇÃO","VT","N"
176946,"20101","CIÊNCIA DA COMPUTAÇÃO","ES","E"
176947,"20101","CIÊNCIA DA COMPUTAÇÃO","ES","E"
176993,"20101","SISTEMAS DE INFORMACAO","VT","N"
176012,"20092","CIÊNCIA DA COMPUTAÇÃO","ES","N"
176015,"20101","CIÊNCIA DA COMPUTAÇÃO","ES","E"
176016,"20101","CIÊNCIA DA COMPUTAÇÃO","ES","E"
176050,"20101","SISTEMAS DE INFORMACAO","VT","N"
176105,"20102","SISTEMAS DE INFORMACAO","VT","N"
176136,"20092","CIÊNCIA DA COMPUTAÇÃO","ES","N"
177306,"20101","CIÊNCIA DA COMPUTAÇÃO","VT","E"
177332,"20101","CIÊNCIA DA COMPUTAÇÃO","VT","E"
175184,"20131","CIÊNCIA DA COMPUTAÇÃO","ES","N"
175226,"20101","CIÊNCIA DA COMPUTAÇÃO","ES","E"
176242,"20101","CIÊNCIA DA COMPUTAÇÃO","VT","N"
176310,"20102","CIÊNCIA DA COMPUTAÇÃO","VT","N"
176425,"20101","SISTEMAS DE INFORMACAO","VT","N"
177478,"20102","SISTEMAS DE INFORMACAO","VT","N"
177580,"20102","CIÊNCIA DA COMPUTAÇÃO","VT","N"
177602,"20102","CIÊNCIA DA COMPUTAÇÃO","VT","N"
177605,"20101","SISTEMAS DE INFORMACAO","VT","N"
159955,"20091","CIÊNCIA DA COMPUTAÇÃO","VT","E"
159980,"20091","CIÊNCIA DA COMPUTAÇÃO","VT","N"
162754,"20092","SISTEMAS DE INFORMACAO","VT","N"
162821,"20092","CIÊNCIA DA COMPUTAÇÃO","VT","E"
162857,"20092","SISTEMAS DE INFORMACAO","VT","N"
162867,"20091","CIÊNCIA DA COMPUTAÇÃO","VT","N"
162881,"20092","SISTEMAS DE INFORMACAO","VT","N"
162901,"20092","CIÊNCIA DA COMPUTAÇÃO","VT","N"
162918,"20092","SISTEMAS DE INFORMACAO","VT","N"
165509,"20092","CIÊNCIA DA COMPUTAÇÃO","VT","E"
165523,"20092","SISTEMAS DE INFORMACAO","VT","N"
165554,"20091","CIÊNCIA DA COMPUTAÇÃO","NT","E"
165585,"20091","SISTEMAS DE INFORMACAO","NT","E"
165671,"20092","SISTEMAS DE INFORMACAO","VT","E"
168417,"20091","CIÊNCIA DA COMPUTAÇÃO","ES","N"
168419,"20091","CIÊNCIA DA COMPUTAÇÃO","ES","E"
160148,"20092","SISTEMAS DE INFORMACAO","VT","N"
160169,"20092","SISTEMAS DE INFORMACAO","VT","E"
160196,"20092","SISTEMAS DE INFORMACAO","VT","E"
163020,"20092","CIÊNCIA DA COMPUTAÇÃO","VT","E"
163026,"20091","CIÊNCIA DA COMPUTAÇÃO","VT","N"
163145,"20092","SISTEMAS DE INFORMACAO","VT","E"
163207,"20092","SISTEMAS DE INFORMACAO","VT","E"
163259,"20091","CIÊNCIA DA COMPUTAÇÃO","VT","E"
160412,"20091","CIÊNCIA DA COMPUTAÇÃO","VT","N"
160415,"20091","CIÊNCIA DA COMPUTAÇÃO","VT","N"
160467,"20091","CIÊNCIA DA COMPUTAÇÃO","ES","E"
160469,"20091","CIÊNCIA DA COMPUTAÇÃO","ES","E"
160470,"20091","CIÊNCIA DA COMPUTAÇÃO","ES","E"
160472,"20091","CIÊNCIA DA COMPUTAÇÃO","ES","E"
160489,"20091","CIÊNCIA DA COMPUTAÇÃO","ES","E"
160533,"20091","CIÊNCIA DA COMPUTAÇÃO","ES","E"
163336,"20091","CIÊNCIA DA COMPUTAÇÃO","VT","E"
163377,"20092","CIÊNCIA DA COMPUTAÇÃO","VT","N"
163517,"20091","CIÊNCIA DA COMPUTAÇÃO","VT","N"
166039,"20091","CIÊNCIA DA COMPUTAÇÃO","ES","N"
166041,"20091","CIÊNCIA DA COMPUTAÇÃO","ES","N"
166064,"20091","CIÊNCIA DA COMPUTAÇÃO","ES","E"
168898,"20091","CIÊNCIA DA COMPUTAÇÃO","ES","E"
169097,"20091","CIÊNCIA DA COMPUTAÇÃO","ES","E"
160618,"20091","CIÊNCIA DA COMPUTAÇÃO","ES","E"
160619,"20091","CIÊNCIA DA COMPUTAÇÃO","ES","E"
160633,"20091","CIÊNCIA DA COMPUTAÇÃO","ES","E"
160661,"20091","CIÊNCIA DA COMPUTAÇÃO","ES","E"
160673,"20091","CIÊNCIA DA COMPUTAÇÃO","ES","E"
160675,"20091","CIÊNCIA DA COMPUTAÇÃO","ES","E"
160676,"20091","CIÊNCIA DA COMPUTAÇÃO","ES","E"
160701,"20091","CIÊNCIA DA COMPUTAÇÃO","ES","E"
160710,"20091","CIÊNCIA DA COMPUTAÇÃO","ES","E"
160711,"20091","CIÊNCIA DA COMPUTAÇÃO","ES","E"
160742,"20091","CIÊNCIA DA COMPUTAÇÃO","ES","E"
160807,"20091","CIÊNCIA DA COMPUTAÇÃO","ES","E"
160808,"20091","CIÊNCIA DA COMPUTAÇÃO","ES","E"
160809,"20091","CIÊNCIA DA COMPUTAÇÃO","ES","E"
160810,"20091","CIÊNCIA DA COMPUTAÇÃO","ES","E"
160812,"20091","CIÊNCIA DA COMPUTAÇÃO","ES","E"
160817,"20091","CIÊNCIA DA COMPUTAÇÃO","ES","E"
163565,"20092","SISTEMAS DE INFORMACAO","VT","N"
163576,"20092","SISTEMAS DE INFORMACAO","VT","N"
163590,"20091","CIÊNCIA DA COMPUTAÇÃO","VT","E"
163648,"20092","CIÊNCIA DA COMPUTAÇÃO","VT","N"
163662,"20092","CIÊNCIA DA COMPUTAÇÃO","VT","N"
163703,"20092","CIÊNCIA DA COMPUTAÇÃO","VT","N"
163723,"20092","CIÊNCIA DA COMPUTAÇÃO","VT","E"
163732,"20091","CIÊNCIA DA COMPUTAÇÃO","VT","N"
163744,"20092","SISTEMAS DE INFORMACAO","VT","N"
163760,"20091","CIÊNCIA DA COMPUTAÇÃO","VT","E"
163791,"20091","CIÊNCIA DA COMPUTAÇÃO","VT","N"
166399,"20091","CIÊNCIA DA COMPUTAÇÃO","ES","E"
169248,"20091","CIÊNCIA DA COMPUTAÇÃO","ES","E"
160865,"20091","CIÊNCIA DA COMPUTAÇÃO","ES","E"
160946,"20091","CIÊNCIA DA COMPUTAÇÃO","ES","E"
160947,"20091","CIÊNCIA DA COMPUTAÇÃO","ES","E"
160969,"20091","CIÊNCIA DA COMPUTAÇÃO","ES","E"
160972,"20091","CIÊNCIA DA COMPUTAÇÃO","ES","E"
160974,"20091","CIÊNCIA DA COMPUTAÇÃO","ES","E"
163840,"20092","SISTEMAS DE INFORMACAO","VT","E"
163863,"20091","CIÊNCIA DA COMPUTAÇÃO","VT","N"
163867,"20092","SISTEMAS DE INFORMACAO","VT","N"
163997,"20092","SISTEMAS DE INFORMACAO","VT","N"
164035,"20092","CIÊNCIA DA COMPUTAÇÃO","VT","E"
166667,"20091","CIÊNCIA DA COMPUTAÇÃO","ES","E"
166800,"20091","CIÊNCIA DA COMPUTAÇÃO","ES","E"
169593,"20092","CIÊNCIA DA COMPUTAÇÃO","VT","N"
169599,"20092","CIÊNCIA DA COMPUTAÇÃO","VT","N"
169604,"20092","CIÊNCIA DA COMPUTAÇÃO","VT","N"
161225,"20091","CIÊNCIA DA COMPUTAÇÃO","ES","E"
161255,"20091","CIÊNCIA DA COMPUTAÇÃO","ES","E"
161275,"20091","CIÊNCIA DA COMPUTAÇÃO","ES","E"
161300,"20091","CIÊNCIA DA COMPUTAÇÃO","ES","E"
164155,"20091","SISTEMAS DE INFORMACAO","NT","E"
164217,"20092","SISTEMAS DE INFORMACAO","VT","N"
164253,"20091","SISTEMAS DE INFORMACAO","VT","E"
164278,"20092","SISTEMAS DE INFORMACAO","VT","N"
164294,"20091","CIÊNCIA DA COMPUTAÇÃO","VT","N"
164305,"20092","SISTEMAS DE INFORMACAO","VT","N"
164310,"20092","CIÊNCIA DA COMPUTAÇÃO","VT","N"
166912,"20091","CIÊNCIA DA COMPUTAÇÃO","ES","N"
161509,"20091","CIÊNCIA DA COMPUTAÇÃO","VT","E"
161574,"20091","CIÊNCIA DA COMPUTAÇÃO","NT","E"
164360,"20092","SISTEMAS DE INFORMACAO","VT","N"
164403,"20091","CIÊNCIA DA COMPUTAÇÃO","VT","N"
164415,"20092","SISTEMAS DE INFORMACAO","VT","N"
164536,"20092","SISTEMAS DE INFORMACAO","VT","N"
164548,"20092","CIÊNCIA DA COMPUTAÇÃO","VT","E"
167279,"20092","CIÊNCIA DA COMPUTAÇÃO","ES","E"
167295,"20091","CIÊNCIA DA COMPUTAÇÃO","ES","E"
167409,"20091","CIÊNCIA DA COMPUTAÇÃO","ES","E"
170168,"20091","CIÊNCIA DA COMPUTAÇÃO","ES","E"
170171,"20091","CIÊNCIA DA COMPUTAÇÃO","ES","N"
161670,"20092","SISTEMAS DE INFORMACAO","VT","E"
161690,"20092","SISTEMAS DE INFORMACAO","VT","N"
161748,"20092","SISTEMAS DE INFORMACAO","VT","E"
161761,"20091","CIÊNCIA DA COMPUTAÇÃO","VT","E"
161769,"20091","CIÊNCIA DA COMPUTAÇÃO","VT","E"
161852,"20091","CIÊNCIA DA COMPUTAÇÃO","ES","E"
161855,"20091","CIÊNCIA DA COMPUTAÇÃO","ES","E"
161856,"20091","CIÊNCIA DA COMPUTAÇÃO","ES","E"
161858,"20091","CIÊNCIA DA COMPUTAÇÃO","ES","E"
161871,"20091","CIÊNCIA DA COMPUTAÇÃO","VT","N"
161906,"20092","SISTEMAS DE INFORMACAO","VT","N"
164616,"20091","CIÊNCIA DA COMPUTAÇÃO","VT","N"
164617,"20091","CIÊNCIA DA COMPUTAÇÃO","VT","N"
164631,"20092","SISTEMAS DE INFORMACAO","VT","N"
164661,"20091","CIÊNCIA DA COMPUTAÇÃO","VT","N"
164662,"20092","CIÊNCIA DA COMPUTAÇÃO","VT","N"
164815,"20092","CIÊNCIA DA COMPUTAÇÃO","VT","E"
164843,"20092","SISTEMAS DE INFORMACAO","VT","T"
167504,"20092","CIÊNCIA DA COMPUTAÇÃO","ES","N"
167590,"20091","CIÊNCIA DA COMPUTAÇÃO","ES","E"
162002,"20091","CIÊNCIA DA COMPUTAÇÃO","VT","E"
162070,"20091","CIÊNCIA DA COMPUTAÇÃO","ES","E"
162071,"20091","CIÊNCIA DA COMPUTAÇÃO","ES","E"
162072,"20091","CIÊNCIA DA COMPUTAÇÃO","ES","E"
162073,"20091","CIÊNCIA DA COMPUTAÇÃO","ES","E"
162075,"20091","CIÊNCIA DA COMPUTAÇÃO","ES","E"
162077,"20091","CIÊNCIA DA COMPUTAÇÃO","ES","E"
162079,"20091","CIÊNCIA DA COMPUTAÇÃO","ES","E"
162080,"20091","CIÊNCIA DA COMPUTAÇÃO","ES","E"
162129,"20091","CIÊNCIA DA COMPUTAÇÃO","VT","N"
162183,"20092","CIÊNCIA DA COMPUTAÇÃO","VT","N"
180184,"20101","CIÊNCIA DA COMPUTAÇÃO","ES","E"
180190,"20101","CIÊNCIA DA COMPUTAÇÃO","ES","E"
180363,"20101","CIÊNCIA DA COMPUTAÇÃO","ES","E"
182983,"20101","CIÊNCIA DA COMPUTAÇÃO","VT","E"
183041,"20101","SISTEMAS DE INFORMACAO","VT","E"
183094,"20101","CIÊNCIA DA COMPUTAÇÃO","VT","N"
183156,"20102","SISTEMAS DE INFORMACAO","VT","N"
183207,"20102","SISTEMAS DE INFORMACAO","VT","N"
185640,"20102","SISTEMAS DE INFORMACAO","VT","N"
185659,"20102","SISTEMAS DE INFORMACAO","VT","N"
185680,"20101","SISTEMAS DE INFORMACAO","VT","E"
185683,"20102","CIÊNCIA DA COMPUTAÇÃO","VT","N"
185691,"20101","SISTEMAS DE INFORMACAO","VT","N"
185781,"20102","CIÊNCIA DA COMPUTAÇÃO","VT","E"
185794,"20101","CIÊNCIA DA COMPUTAÇÃO","VT","N"
185802,"20102","SISTEMAS DE INFORMACAO","VT","N"
185814,"20102","SISTEMAS DE INFORMACAO","VT","N"
185829,"20101","CIÊNCIA DA COMPUTAÇÃO","VT","N"
185850,"20102","SISTEMAS DE INFORMACAO","VT","E"
180504,"20101","CIÊNCIA DA COMPUTAÇÃO","ES","E"
180613,"20101","CIÊNCIA DA COMPUTAÇÃO","ES","E"
183211,"20102","SISTEMAS DE INFORMACAO","VT","N"
183225,"20101","CIÊNCIA DA COMPUTAÇÃO","VT","N"
183230,"20101","SISTEMAS DE INFORMACAO","VT","N"
183277,"20102","SISTEMAS DE INFORMACAO","VT","N"
183320,"20102","SISTEMAS DE INFORMACAO","VT","N"
183360,"20102","SISTEMAS DE INFORMACAO","VT","E"
183361,"20102","SISTEMAS DE INFORMACAO","VT","E"
183379,"20101","SISTEMAS DE INFORMACAO","VT","N"
183385,"20102","CIÊNCIA DA COMPUTAÇÃO","VT","N"
183387,"20101","CIÊNCIA DA COMPUTAÇÃO","VT","N"
183407,"20102","SISTEMAS DE INFORMACAO","VT","N"
185978,"20101","CIÊNCIA DA COMPUTAÇÃO","ES","E"
185980,"20101","CIÊNCIA DA COMPUTAÇÃO","ES","E"
185981,"20101","CIÊNCIA DA COMPUTAÇÃO","ES","E"
185982,"20101","CIÊNCIA DA COMPUTAÇÃO","ES","E"
185983,"20101","CIÊNCIA DA COMPUTAÇÃO","ES","E"
185984,"20101","CIÊNCIA DA COMPUTAÇÃO","ES","E"
188871,"20102","CIÊNCIA DA COMPUTAÇÃO","ES","E"
188929,"20102","CIÊNCIA DA COMPUTAÇÃO","ES","E"
189170,"20102","CIÊNCIA DA COMPUTAÇÃO","ES","N"
189181,"20102","CIÊNCIA DA COMPUTAÇÃO","CV","E"
189322,"20102","CIÊNCIA DA COMPUTAÇÃO","ES","E"
189323,"20102","CIÊNCIA DA COMPUTAÇÃO","ES","E"
189478,"20102","SISTEMAS DE INFORMACAO","VT","N"
189596,"20102","CIÊNCIA DA COMPUTAÇÃO","VT","N"
189658,"20102","CIÊNCIA DA COMPUTAÇÃO","ES","E"
189663,"20102","CIÊNCIA DA COMPUTAÇÃO","VT","N"
189665,"20102","CIÊNCIA DA COMPUTAÇÃO","VT","N"
189676,"20102","CIÊNCIA DA COMPUTAÇÃO","VT","N"
189679,"20102","CIÊNCIA DA COMPUTAÇÃO","VT","E"
189681,"20102","CIÊNCIA DA COMPUTAÇÃO","VT","N"
189843,"20102","CIÊNCIA DA COMPUTAÇÃO","VT","N"
189983,"20102","CIÊNCIA DA COMPUTAÇÃO","ES","E"
190067,"20102","CIÊNCIA DA COMPUTAÇÃO","ES","N"
190068,"20102","CIÊNCIA DA COMPUTAÇÃO","ES","N"
190235,"20102","CIÊNCIA DA COMPUTAÇÃO","ES","E"
190326,"20101","CIÊNCIA DA COMPUTAÇÃO","ES","E"
190360,"20102","CIÊNCIA DA COMPUTAÇÃO","ES","N"
190669,"20102","CIÊNCIA DA COMPUTAÇÃO","CV","E"
191063,"20111","CIÊNCIA DA COMPUTAÇÃO","ES","N"
191114,"20111","CIÊNCIA DA COMPUTAÇÃO","ES","E"
191115,"20111","CIÊNCIA DA COMPUTAÇÃO","ES","E"
191296,"20111","CIÊNCIA DA COMPUTAÇÃO","ES","E"
191406,"20111","CIÊNCIA DA COMPUTAÇÃO","ES","N"
191462,"20111","CIÊNCIA DA COMPUTAÇÃO","ES","E"
191487,"20111","CIÊNCIA DA COMPUTAÇÃO","ES","E"
191491,"20111","CIÊNCIA DA COMPUTAÇÃO","ES","E"
191506,"20111","CIÊNCIA DA COMPUTAÇÃO","ES","E"
191588,"20111","CIÊNCIA DA COMPUTAÇÃO","ES","N"
191703,"20111","CIÊNCIA DA COMPUTAÇÃO","ES","N"
191707,"20111","CIÊNCIA DA COMPUTAÇÃO","ES","E"
191975,"20111","CIÊNCIA DA COMPUTAÇÃO","ES","E"
191976,"20111","CIÊNCIA DA COMPUTAÇÃO","ES","N"
191977,"20111","CIÊNCIA DA COMPUTAÇÃO","ES","N"
192176,"20111","CIÊNCIA DA COMPUTAÇÃO","ES","E"
192212,"20111","CIÊNCIA DA COMPUTAÇÃO","ES","E"
192220,"20111","CIÊNCIA DA COMPUTAÇÃO","ES","E"
192377,"20102","CIÊNCIA DA COMPUTAÇÃO","ES","N"
192409,"20102","CIÊNCIA DA COMPUTAÇÃO","ES","N"
192474,"20111","CIÊNCIA DA COMPUTAÇÃO","ES","N"
192475,"20111","CIÊNCIA DA COMPUTAÇÃO","ES","N"
192476,"20111","CIÊNCIA DA COMPUTAÇÃO","ES","N"
194505,"20111","CIÊNCIA DA COMPUTAÇÃO","ES","E"
194554,"20112","CIÊNCIA DA COMPUTAÇÃO","VT","E"
194747,"20111","CIÊNCIA DA COMPUTAÇÃO","ES","N"
192640,"20111","CIÊNCIA DA COMPUTAÇÃO","ES","E"
192641,"20111","CIÊNCIA DA COMPUTAÇÃO","ES","E"
192643,"20111","CIÊNCIA DA COMPUTAÇÃO","ES","N"
192678,"20102","CIÊNCIA DA COMPUTAÇÃO","ES","N"
192698,"20111","CIÊNCIA DA COMPUTAÇÃO","ES","E"
192712,"20102","CIÊNCIA DA COMPUTAÇÃO","CV","E"
193667,"20111","SISTEMAS DE INFORMACAO","VT","N"
193706,"20111","SISTEMAS DE INFORMACAO","VT","N"
194781,"20112","CIÊNCIA DA COMPUTAÇÃO","VT","N"
194785,"20111","CIÊNCIA DA COMPUTAÇÃO","VT","N"
194795,"20112","CIÊNCIA DA COMPUTAÇÃO","VT","N"
194897,"20111","SISTEMAS DE INFORMACAO","VT","N"
194913,"20111","SISTEMAS DE INFORMACAO","VT","N"
194932,"20112","CIÊNCIA DA COMPUTAÇÃO","VT","N"
195008,"20111","CIÊNCIA DA COMPUTAÇÃO","VT","N"
193920,"20112","CIÊNCIA DA COMPUTAÇÃO","VT","N"
193964,"20111","CIÊNCIA DA COMPUTAÇÃO","ES","N"
194011,"20112","SISTEMAS DE INFORMACAO","VT","N"
194086,"20102","CIÊNCIA DA COMPUTAÇÃO","ES","N"
194126,"20111","CIÊNCIA DA COMPUTAÇÃO","ES","N"
194167,"20111","SISTEMAS DE INFORMACAO","VT","N"
195044,"20111","SISTEMAS DE INFORMACAO","VT","N"
195135,"20111","SISTEMAS DE INFORMACAO","VT","N"
195137,"20112","SISTEMAS DE INFORMACAO","VT","N"
195159,"20111","SISTEMAS DE INFORMACAO","VT","N"
195218,"20111","CIÊNCIA DA COMPUTAÇÃO","ES","E"
195219,"20111","CIÊNCIA DA COMPUTAÇÃO","ES","E"
195251,"20112","SISTEMAS DE INFORMACAO","VT","E"
193151,"20111","SISTEMAS DE INFORMACAO","VT","E"
193152,"20111","CIÊNCIA DA COMPUTAÇÃO","VT","N"
194413,"20111","CIÊNCIA DA COMPUTAÇÃO","ES","E"
194414,"20111","CIÊNCIA DA COMPUTAÇÃO","ES","E"
194415,"20111","CIÊNCIA DA COMPUTAÇÃO","ES","E"
194416,"20111","CIÊNCIA DA COMPUTAÇÃO","ES","E"
194424,"20111","CIÊNCIA DA COMPUTAÇÃO","ES","E"
194443,"20111","CIÊNCIA DA COMPUTAÇÃO","ES","N"
195329,"20111","CIÊNCIA DA COMPUTAÇÃO","ES","N"
195330,"20111","CIÊNCIA DA COMPUTAÇÃO","ES","E"
195395,"20111","CIÊNCIA DA COMPUTAÇÃO","VT","N"
195442,"20111","CIÊNCIA DA COMPUTAÇÃO","ES","N"
195443,"20111","CIÊNCIA DA COMPUTAÇÃO","ES","N"
193528,"20111","CIÊNCIA DA COMPUTAÇÃO","ES","N"
193529,"20111","CIÊNCIA DA COMPUTAÇÃO","ES","E"
193573,"20111","CIÊNCIA DA COMPUTAÇÃO","VT","N"
177705,"20101","CIÊNCIA DA COMPUTAÇÃO","VT","N"
177706,"20102","CIÊNCIA DA COMPUTAÇÃO","VT","E"
177816,"20102","SISTEMAS DE INFORMACAO","VT","N"
177836,"20101","SISTEMAS DE INFORMACAO","VT","N"
183509,"20101","CIÊNCIA DA COMPUTAÇÃO","VT","N"
183571,"20102","CIÊNCIA DA COMPUTAÇÃO","VT","N"
183633,"20101","CIÊNCIA DA COMPUTAÇÃO","VT","N"
183731,"20102","CIÊNCIA DA COMPUTAÇÃO","VT","N"
186219,"20102","CIÊNCIA DA COMPUTAÇÃO","ES","N"
186377,"20101","CIÊNCIA DA COMPUTAÇÃO","ES","E"
186421,"20102","CIÊNCIA DA COMPUTAÇÃO","ES","E"
177961,"20102","CIÊNCIA DA COMPUTAÇÃO","VT","N"
181045,"20101","CIÊNCIA DA COMPUTAÇÃO","ES","E"
181221,"20101","CIÊNCIA DA COMPUTAÇÃO","ES","N"
183800,"20101","SISTEMAS DE INFORMACAO","VT","N"
183816,"20101","SISTEMAS DE INFORMACAO","VT","N"
186481,"20102","CIÊNCIA DA COMPUTAÇÃO","VT","E"
186688,"20101","CIÊNCIA DA COMPUTAÇÃO","ES","N"
178235,"20102","SISTEMAS DE INFORMACAO","VT","N"
178295,"20092","CIÊNCIA DA COMPUTAÇÃO","ES","N"
184053,"20101","CIÊNCIA DA COMPUTAÇÃO","VT","N"
184069,"20101","CIÊNCIA DA COMPUTAÇÃO","VT","N"
184115,"20101","SISTEMAS DE INFORMACAO","VT","N"
184121,"20101","SISTEMAS DE INFORMACAO","VT","N"
184137,"20102","SISTEMAS DE INFORMACAO","VT","N"
184285,"20102","CIÊNCIA DA COMPUTAÇÃO","VT","E"
184286,"20102","CIÊNCIA DA COMPUTAÇÃO","VT","E"
178513,"20101","CIÊNCIA DA COMPUTAÇÃO","ES","E"
178514,"20101","CIÊNCIA DA COMPUTAÇÃO","ES","E"
178566,"20101","CIÊNCIA DA COMPUTAÇÃO","VT","N"
178649,"20102","SISTEMAS DE INFORMACAO","VT","N"
178672,"20101","SISTEMAS DE INFORMACAO","VT","N"
178677,"20102","SISTEMAS DE INFORMACAO","VT","E"
181706,"20101","CIÊNCIA DA COMPUTAÇÃO","ES","N"
181769,"20101","CIÊNCIA DA COMPUTAÇÃO","ES","E"
184422,"20102","CIÊNCIA DA COMPUTAÇÃO","VT","N"
184502,"20102","SISTEMAS DE INFORMACAO","VT","N"
184541,"20101","CIÊNCIA DA COMPUTAÇÃO","VT","N"
178770,"20102","CIÊNCIA DA COMPUTAÇÃO","VT","N"
178827,"20101","SISTEMAS DE INFORMACAO","VT","N"
178845,"20101","SISTEMAS DE INFORMACAO","VT","N"
181887,"20101","CIÊNCIA DA COMPUTAÇÃO","ES","N"
182110,"20101","CIÊNCIA DA COMPUTAÇÃO","VT","N"
182118,"20101","CIÊNCIA DA COMPUTAÇÃO","VT","N"
184573,"20101","CIÊNCIA DA COMPUTAÇÃO","VT","N"
184577,"20102","SISTEMAS DE INFORMACAO","VT","N"
184583,"20102","SISTEMAS DE INFORMACAO","VT","N"
184621,"20102","SISTEMAS DE INFORMACAO","VT","N"
184634,"20102","CIÊNCIA DA COMPUTAÇÃO","VT","N"
184637,"20102","CIÊNCIA DA COMPUTAÇÃO","VT","N"
184731,"20101","CIÊNCIA DA COMPUTAÇÃO","VT","N"
184748,"20102","SISTEMAS DE INFORMACAO","VT","N"
184764,"20101","SISTEMAS DE INFORMACAO","VT","N"
184784,"20101","CIÊNCIA DA COMPUTAÇÃO","VT","N"
179197,"20101","SISTEMAS DE INFORMACAO","VT","N"
179233,"20102","SISTEMAS DE INFORMACAO","VT","N"
182150,"20101","CIÊNCIA DA COMPUTAÇÃO","VT","E"
182218,"20102","CIÊNCIA DA COMPUTAÇÃO","VT","E"
182240,"20101","SISTEMAS DE INFORMACAO","VT","N"
182251,"20102","SISTEMAS DE INFORMACAO","VT","N"
182277,"20102","SISTEMAS DE INFORMACAO","VT","N"
182306,"20102","CIÊNCIA DA COMPUTAÇÃO","VT","N"
182338,"20101","SISTEMAS DE INFORMACAO","VT","N"
182373,"20101","SISTEMAS DE INFORMACAO","VT","N"
184870,"20102","CIÊNCIA DA COMPUTAÇÃO","VT","N"
184923,"20101","CIÊNCIA DA COMPUTAÇÃO","VT","N"
184961,"20101","CIÊNCIA DA COMPUTAÇÃO","VT","E"
184969,"20101","SISTEMAS DE INFORMACAO","VT","E"
185028,"20102","CIÊNCIA DA COMPUTAÇÃO","VT","N"
185064,"20101","CIÊNCIA DA COMPUTAÇÃO","VT","N"
185066,"20102","CIÊNCIA DA COMPUTAÇÃO","VT","N"
185072,"20102","SISTEMAS DE INFORMACAO","VT","E"
185079,"20102","CIÊNCIA DA COMPUTAÇÃO","VT","N"
187752,"20101","CIÊNCIA DA COMPUTAÇÃO","ES","E"
187782,"20131","CIÊNCIA DA COMPUTAÇÃO","ES","N"
187784,"20102","CIÊNCIA DA COMPUTAÇÃO","ES","N"
179319,"20102","SISTEMAS DE INFORMACAO","VT","N"
179325,"20102","CIÊNCIA DA COMPUTAÇÃO","VT","N"
179355,"20102","CIÊNCIA DA COMPUTAÇÃO","VT","N"
179438,"20102","CIÊNCIA DA COMPUTAÇÃO","VT","N"
179554,"20101","SISTEMAS DE INFORMACAO","VT","N"
182398,"20101","CIÊNCIA DA COMPUTAÇÃO","VT","N"
182525,"20101","SISTEMAS DE INFORMACAO","VT","N"
182576,"20102","CIÊNCIA DA COMPUTAÇÃO","VT","E"
182580,"20101","CIÊNCIA DA COMPUTAÇÃO","VT","N"
182632,"20102","CIÊNCIA DA COMPUTAÇÃO","VT","N"
182634,"20102","CIÊNCIA DA COMPUTAÇÃO","VT","N"
182643,"20101","SISTEMAS DE INFORMACAO","VT","E"
185103,"20101","SISTEMAS DE INFORMACAO","VT","N"
185114,"20101","SISTEMAS DE INFORMACAO","VT","N"
185125,"20102","CIÊNCIA DA COMPUTAÇÃO","VT","N"
185161,"20101","SISTEMAS DE INFORMACAO","VT","N"
185184,"20101","SISTEMAS DE INFORMACAO","VT","N"
185207,"20101","SISTEMAS DE INFORMACAO","VT","N"
185236,"20101","CIÊNCIA DA COMPUTAÇÃO","ES","E"
185264,"20102","SISTEMAS DE INFORMACAO","VT","N"
185302,"20102","SISTEMAS DE INFORMACAO","VT","N"
185331,"20101","SISTEMAS DE INFORMACAO","VT","N"
185362,"20102","SISTEMAS DE INFORMACAO","VT","N"
179673,"20102","CIÊNCIA DA COMPUTAÇÃO","VT","E"
179687,"20101","CIÊNCIA DA COMPUTAÇÃO","VT","N"
179691,"20101","CIÊNCIA DA COMPUTAÇÃO","ES","E"
179772,"20101","SISTEMAS DE INFORMACAO","CV","N"
179798,"20101","CIÊNCIA DA COMPUTAÇÃO","ES","N"
179830,"20101","CIÊNCIA DA COMPUTAÇÃO","ES","E"
182678,"20101","CIÊNCIA DA COMPUTAÇÃO","ES","E"
182687,"20101","CIÊNCIA DA COMPUTAÇÃO","ES","E"
182688,"20101","CIÊNCIA DA COMPUTAÇÃO","ES","E"
182725,"20101","SISTEMAS DE INFORMACAO","VT","N"
182732,"20101","SISTEMAS DE INFORMACAO","VT","N"
182751,"20101","SISTEMAS DE INFORMACAO","VT","N"
182757,"20102","SISTEMAS DE INFORMACAO","VT","N"
182759,"20101","CIÊNCIA DA COMPUTAÇÃO","VT","N"
182763,"20101","SISTEMAS DE INFORMACAO","VT","N"
182808,"20102","CIÊNCIA DA COMPUTAÇÃO","VT","N"
182814,"20101","SISTEMAS DE INFORMACAO","VT","N"
182840,"20101","CIÊNCIA DA COMPUTAÇÃO","VT","N"
182917,"20101","CIÊNCIA DA COMPUTAÇÃO","ES","E"
185390,"20102","CIÊNCIA DA COMPUTAÇÃO","VT","N"
185520,"20102","SISTEMAS DE INFORMACAO","VT","N"
185526,"20101","SISTEMAS DE INFORMACAO","VT","N"
185534,"20101","CIÊNCIA DA COMPUTAÇÃO","VT","N"
185535,"20102","CIÊNCIA DA COMPUTAÇÃO","VT","N"
185576,"20102","SISTEMAS DE INFORMACAO","VT","T"
185623,"20101","CIÊNCIA DA COMPUTAÇÃO","VT","E"
188422,"20102","CIÊNCIA DA COMPUTAÇÃO","ES","N"
188467,"20102","CIÊNCIA DA COMPUTAÇÃO","ES","N"
179880,"20101","CIÊNCIA DA COMPUTAÇÃO","ES","N"
179922,"20101","CIÊNCIA DA COMPUTAÇÃO","ES","E"
198243,"20122","CIÊNCIA DA COMPUTAÇÃO","ES","N"
198265,"20111","CIÊNCIA DA COMPUTAÇÃO","NT","N"
198376,"20111","CIÊNCIA DA COMPUTAÇÃO","ES","E"
200876,"20112","SISTEMAS DE INFORMACAO","VT","N"
200992,"20112","SISTEMAS DE INFORMACAO","VT","N"
201021,"20111","CIÊNCIA DA COMPUTAÇÃO","VT","N"
201034,"20111","SISTEMAS DE INFORMACAO","VT","N"
201044,"20112","SISTEMAS DE INFORMACAO","VT","N"
201087,"20112","CIÊNCIA DA COMPUTAÇÃO","VT","N"
201105,"20112","CIÊNCIA DA COMPUTAÇÃO","VT","N"
201126,"20111","CIÊNCIA DA COMPUTAÇÃO","VT","N"
201131,"20111","SISTEMAS DE INFORMACAO","VT","E"
203598,"20111","SISTEMAS DE INFORMACAO","VT","N"
203635,"20111","CIÊNCIA DA COMPUTAÇÃO","VT","E"
203695,"20111","CIÊNCIA DA COMPUTAÇÃO","VT","N"
203717,"20111","CIÊNCIA DA COMPUTAÇÃO","VT","N"
203729,"20112","SISTEMAS DE INFORMACAO","VT","N"
203745,"20111","CIÊNCIA DA COMPUTAÇÃO","VT","N"
206390,"20112","CIÊNCIA DA COMPUTAÇÃO","VT","N"
206526,"20112","SISTEMAS DE INFORMACAO","VT","N"
198413,"20111","CIÊNCIA DA COMPUTAÇÃO","TC","N"
198614,"20111","CIÊNCIA DA COMPUTAÇÃO","NT","E"
201154,"20112","CIÊNCIA DA COMPUTAÇÃO","VT","N"
201175,"20112","CIÊNCIA DA COMPUTAÇÃO","VT","N"
201178,"20112","SISTEMAS DE INFORMACAO","VT","N"
201226,"20112","SISTEMAS DE INFORMACAO","VT","N"
201320,"20112","CIÊNCIA DA COMPUTAÇÃO","VT","N"
201367,"20112","CIÊNCIA DA COMPUTAÇÃO","VT","N"
203965,"20111","CIÊNCIA DA COMPUTAÇÃO","VT","E"
203991,"20112","SISTEMAS DE INFORMACAO","VT","E"
204086,"20111","SISTEMAS DE INFORMACAO","VT","N"
206823,"20112","CIÊNCIA DA COMPUTAÇÃO","ES","N"
207664,"20112","CIÊNCIA DA COMPUTAÇÃO","ES","N"
207838,"20111","CIÊNCIA DA COMPUTAÇÃO","ES","N"
208087,"20112","SISTEMAS DE INFORMACAO","VT","N"
208953,"20112","CIÊNCIA DA COMPUTAÇÃO","ES","N"
209102,"20111","CIÊNCIA DA COMPUTAÇÃO","CV","E"
209292,"20111","CIÊNCIA DA COMPUTAÇÃO","ES","N"
209699,"20121","SISTEMAS DE INFORMACAO","VT","E"
209748,"20122","SISTEMAS DE INFORMACAO","VT","N"
209798,"20122","SISTEMAS DE INFORMACAO","VT","N"
209882,"20112","CIÊNCIA DA COMPUTAÇÃO","CV","E"
209977,"20122","CIÊNCIA DA COMPUTAÇÃO","VT","N"
210026,"20121","SISTEMAS DE INFORMACAO","VT","N"
210068,"20121","CIÊNCIA DA COMPUTAÇÃO","ES","E"
210182,"20121","CIÊNCIA DA COMPUTAÇÃO","ES","E"
210214,"20122","SISTEMAS DE INFORMACAO","VT","N"
210235,"20121","CIÊNCIA DA COMPUTAÇÃO","ES","N"
210347,"20121","SISTEMAS DE INFORMACAO","VT","E"
210386,"20121","CIÊNCIA DA COMPUTAÇÃO","VT","N"
212393,"20121","CIÊNCIA DA COMPUTAÇÃO","ES","N"
212503,"20122","SISTEMAS DE INFORMACAO","VT","N"
212521,"20122","SISTEMAS DE INFORMACAO","VT","N"
212587,"20121","CIÊNCIA DA COMPUTAÇÃO","ES","N"
212588,"20121","CIÊNCIA DA COMPUTAÇÃO","ES","N"
210466,"20122","SISTEMAS DE INFORMACAO","VT","N"
210594,"20121","CIÊNCIA DA COMPUTAÇÃO","VT","N"
211529,"20121","SISTEMAS DE INFORMACAO","VT","N"
211726,"20121","CIÊNCIA DA COMPUTAÇÃO","VT","T"
212626,"20121","CIÊNCIA DA COMPUTAÇÃO","ES","N"
212689,"20121","SISTEMAS DE INFORMACAO","VT","N"
212698,"20121","CIÊNCIA DA COMPUTAÇÃO","VT","N"
212722,"20122","CIÊNCIA DA COMPUTAÇÃO","VT","N"
212734,"20121","CIÊNCIA DA COMPUTAÇÃO","VT","N"
210689,"20121","SISTEMAS DE INFORMACAO","VT","N"
210697,"20121","CIÊNCIA DA COMPUTAÇÃO","ES","N"
210729,"20121","CIÊNCIA DA COMPUTAÇÃO","VT","E"
210736,"20121","SISTEMAS DE INFORMACAO","VT","E"
210823,"20122","CIÊNCIA DA COMPUTAÇÃO","VT","N"
210835,"20121","SISTEMAS DE INFORMACAO","VT","N"
210838,"20121","SISTEMAS DE INFORMACAO","VT","N"
210847,"20122","SISTEMAS DE INFORMACAO","VT","N"
211804,"20121","CIÊNCIA DA COMPUTAÇÃO","ES","N"
211807,"20112","CIÊNCIA DA COMPUTAÇÃO","ES","N"
211831,"20121","CIÊNCIA DA COMPUTAÇÃO","VT","N"
211840,"20121","SISTEMAS DE INFORMACAO","VT","N"
211851,"20121","SISTEMAS DE INFORMACAO","VT","N"
211922,"20112","CIÊNCIA DA COMPUTAÇÃO","ES","N"
211970,"20122","CIÊNCIA DA COMPUTAÇÃO","VT","N"
212047,"20121","CIÊNCIA DA COMPUTAÇÃO","ES","N"
212952,"20121","CIÊNCIA DA COMPUTAÇÃO","ES","N"
212979,"20122","CIÊNCIA DA COMPUTAÇÃO","VT","N"
212988,"20121","CIÊNCIA DA COMPUTAÇÃO","VT","N"
212994,"20121","SISTEMAS DE INFORMACAO","VT","N"
213020,"20122","SISTEMAS DE INFORMACAO","VT","N"
213036,"20122","SISTEMAS DE INFORMACAO","VT","N"
213132,"20121","CIÊNCIA DA COMPUTAÇÃO","VT","N"
213149,"20121","SISTEMAS DE INFORMACAO","VT","N"
213151,"20121","CIÊNCIA DA COMPUTAÇÃO","VT","N"
211140,"20112","CIÊNCIA DA COMPUTAÇÃO","ES","N"
211159,"20122","CIÊNCIA DA COMPUTAÇÃO","VT","N"
212077,"20122","SISTEMAS DE INFORMACAO","VT","N"
212183,"20122","CIÊNCIA DA COMPUTAÇÃO","VT","N"
212261,"20121","CIÊNCIA DA COMPUTAÇÃO","VT","N"
212319,"20121","CIÊNCIA DA COMPUTAÇÃO","VT","N"
213173,"20112","CIÊNCIA DA COMPUTAÇÃO","ES","N"
213208,"20122","CIÊNCIA DA COMPUTAÇÃO","VT","N"
213277,"20122","CIÊNCIA DA COMPUTAÇÃO","VT","N"
213303,"20121","SISTEMAS DE INFORMACAO","VT","N"
213356,"20121","SISTEMAS DE INFORMACAO","VT","N"
213375,"20121","CIÊNCIA DA COMPUTAÇÃO","VT","N"
211224,"20121","CIÊNCIA DA COMPUTAÇÃO","ES","N"
211241,"20121","SISTEMAS DE INFORMACAO","VT","N"
211298,"20121","CIÊNCIA DA COMPUTAÇÃO","VT","N"
211472,"20121","CIÊNCIA DA COMPUTAÇÃO","VT","N"
195733,"20111","SISTEMAS DE INFORMACAO","VT","N"
195808,"20111","CIÊNCIA DA COMPUTAÇÃO","VT","N"
195832,"20111","SISTEMAS DE INFORMACAO","VT","N"
195864,"20102","CIÊNCIA DA COMPUTAÇÃO","ES","E"
198800,"20111","CIÊNCIA DA COMPUTAÇÃO","ES","N"
198801,"20111","CIÊNCIA DA COMPUTAÇÃO","ES","E"
198802,"20111","CIÊNCIA DA COMPUTAÇÃO","ES","E"
198804,"20111","CIÊNCIA DA COMPUTAÇÃO","ES","N"
198847,"20111","CIÊNCIA DA COMPUTAÇÃO","ES","N"
201412,"20111","SISTEMAS DE INFORMACAO","VT","N"
201422,"20111","CIÊNCIA DA COMPUTAÇÃO","VT","N"
201449,"20111","SISTEMAS DE INFORMACAO","VT","N"
201491,"20112","SISTEMAS DE INFORMACAO","VT","N"
201526,"20111","CIÊNCIA DA COMPUTAÇÃO","VT","N"
201548,"20112","CIÊNCIA DA COMPUTAÇÃO","VT","N"
201560,"20112","SISTEMAS DE INFORMACAO","VT","N"
201572,"20112","CIÊNCIA DA COMPUTAÇÃO","VT","N"
201603,"20111","SISTEMAS DE INFORMACAO","VT","N"
204136,"20111","CIÊNCIA DA COMPUTAÇÃO","VT","N"
204140,"20111","SISTEMAS DE INFORMACAO","VT","N"
204153,"20112","SISTEMAS DE INFORMACAO","VT","N"
204159,"20112","CIÊNCIA DA COMPUTAÇÃO","VT","N"
204210,"20111","SISTEMAS DE INFORMACAO","VT","N"
204228,"20111","CIÊNCIA DA COMPUTAÇÃO","VT","N"
204234,"20112","CIÊNCIA DA COMPUTAÇÃO","VT","N"
204238,"20111","CIÊNCIA DA COMPUTAÇÃO","VT","E"
204283,"20112","SISTEMAS DE INFORMACAO","VT","N"
204291,"20111","SISTEMAS DE INFORMACAO","VT","E"
204337,"20111","CIÊNCIA DA COMPUTAÇÃO","VT","N"
204353,"20112","SISTEMAS DE INFORMACAO","VT","N"
195898,"20111","CIÊNCIA DA COMPUTAÇÃO","ES","N"
196042,"20111","CIÊNCIA DA COMPUTAÇÃO","ES","E"
196158,"20102","CIÊNCIA DA COMPUTAÇÃO","ES","N"
201829,"20111","SISTEMAS DE INFORMACAO","VT","N"
201842,"20112","CIÊNCIA DA COMPUTAÇÃO","VT","N"
201875,"20112","SISTEMAS DE INFORMACAO","VT","N"
201884,"20111","CIÊNCIA DA COMPUTAÇÃO","VT","N"
201895,"20112","SISTEMAS DE INFORMACAO","VT","N"
201908,"20111","CIÊNCIA DA COMPUTAÇÃO","VT","N"
201917,"20112","SISTEMAS DE INFORMACAO","VT","N"
201923,"20111","CIÊNCIA DA COMPUTAÇÃO","VT","N"
204380,"20112","SISTEMAS DE INFORMACAO","VT","N"
204607,"20111","CIÊNCIA DA COMPUTAÇÃO","ES","T"
196174,"20111","CIÊNCIA DA COMPUTAÇÃO","VT","E"
196207,"20112","SISTEMAS DE INFORMACAO","VT","N"
196404,"20111","SISTEMAS DE INFORMACAO","VT","N"
196409,"20111","CIÊNCIA DA COMPUTAÇÃO","VT","E"
199301,"20111","CIÊNCIA DA COMPUTAÇÃO","TC","N"
202074,"20111","CIÊNCIA DA COMPUTAÇÃO","VT","N"
202135,"20112","CIÊNCIA DA COMPUTAÇÃO","VT","N"
202179,"20111","SISTEMAS DE INFORMACAO","VT","N"
196478,"20102","CIÊNCIA DA COMPUTAÇÃO","ES","N"
196507,"20111","CIÊNCIA DA COMPUTAÇÃO","ES","N"
196537,"20111","SISTEMAS DE INFORMACAO","VT","N"
196598,"20111","CIÊNCIA DA COMPUTAÇÃO","ES","E"
196669,"20112","SISTEMAS DE INFORMACAO","VT","N"
196706,"20111","CIÊNCIA DA COMPUTAÇÃO","ES","N"
196709,"20111","CIÊNCIA DA COMPUTAÇÃO","ES","N"
196710,"20111","CIÊNCIA DA COMPUTAÇÃO","ES","N"
199624,"20111","CIÊNCIA DA COMPUTAÇÃO","NT","N"
202345,"20112","SISTEMAS DE INFORMACAO","VT","N"
202353,"20112","CIÊNCIA DA COMPUTAÇÃO","VT","N"
202385,"20112","CIÊNCIA DA COMPUTAÇÃO","VT","N"
202438,"20112","SISTEMAS DE INFORMACAO","VT","N"
202459,"20111","CIÊNCIA DA COMPUTAÇÃO","VT","N"
202464,"20112","SISTEMAS DE INFORMACAO","VT","N"
196767,"20111","SISTEMAS DE INFORMACAO","VT","N"
196768,"20111","CIÊNCIA DA COMPUTAÇÃO","VT","N"
196832,"20111","CIÊNCIA DA COMPUTAÇÃO","ES","E"
196871,"20111","CIÊNCIA DA COMPUTAÇÃO","VT","N"
196962,"20112","CIÊNCIA DA COMPUTAÇÃO","VT","N"
196967,"20111","SISTEMAS DE INFORMACAO","VT","N"
196969,"20111","CIÊNCIA DA COMPUTAÇÃO","VT","N"
196972,"20112","SISTEMAS DE INFORMACAO","VT","N"
199815,"20111","CIÊNCIA DA COMPUTAÇÃO","NT","N"
200015,"20111","CIÊNCIA DA COMPUTAÇÃO","NT","N"
202587,"20112","SISTEMAS DE INFORMACAO","VT","N"
202657,"20112","SISTEMAS DE INFORMACAO","VT","N"
202692,"20111","CIÊNCIA DA COMPUTAÇÃO","VT","N"
202696,"20112","CIÊNCIA DA COMPUTAÇÃO","VT","N"
202725,"20111","CIÊNCIA DA COMPUTAÇÃO","VT","E"
205283,"20112","CIÊNCIA DA COMPUTAÇÃO","VT","N"
205299,"20112","CIÊNCIA DA COMPUTAÇÃO","VT","N"
205314,"20112","CIÊNCIA DA COMPUTAÇÃO","VT","N"
205381,"20111","CIÊNCIA DA COMPUTAÇÃO","NT","E"
205477,"20112","CIÊNCIA DA COMPUTAÇÃO","VT","N"
197068,"20111","CIÊNCIA DA COMPUTAÇÃO","ES","E"
197222,"20112","CIÊNCIA DA COMPUTAÇÃO","VT","N"
197233,"20112","SISTEMAS DE INFORMACAO","VT","N"
200322,"20111","CIÊNCIA DA COMPUTAÇÃO","VT","N"
202808,"20111","CIÊNCIA DA COMPUTAÇÃO","VT","N"
202814,"20112","CIÊNCIA DA COMPUTAÇÃO","VT","N"
202898,"20112","SISTEMAS DE INFORMACAO","VT","E"
202912,"20112","CIÊNCIA DA COMPUTAÇÃO","VT","N"
205628,"20112","CIÊNCIA DA COMPUTAÇÃO","VT","N"
205639,"20112","CIÊNCIA DA COMPUTAÇÃO","VT","N"
197456,"20111","SISTEMAS DE INFORMACAO","VT","N"
197510,"20111","CIÊNCIA DA COMPUTAÇÃO","ES","N"
200350,"20112","CIÊNCIA DA COMPUTAÇÃO","VT","N"
200354,"20112","CIÊNCIA DA COMPUTAÇÃO","VT","N"
200424,"20111","CIÊNCIA DA COMPUTAÇÃO","VT","N"
200508,"20111","CIÊNCIA DA COMPUTAÇÃO","VT","E"
200547,"20112","CIÊNCIA DA COMPUTAÇÃO","VT","N"
203022,"20112","SISTEMAS DE INFORMACAO","VT","N"
203025,"20111","SISTEMAS DE INFORMACAO","VT","E"
203130,"20111","SISTEMAS DE INFORMACAO","VT","N"
203138,"20112","SISTEMAS DE INFORMACAO","VT","N"
203180,"20111","CIÊNCIA DA COMPUTAÇÃO","VT","N"
203190,"20111","CIÊNCIA DA COMPUTAÇÃO","VT","N"
203192,"20112","SISTEMAS DE INFORMACAO","VT","N"
203264,"20112","CIÊNCIA DA COMPUTAÇÃO","VT","N"
203272,"20111","CIÊNCIA DA COMPUTAÇÃO","VT","E"
203284,"20111","SISTEMAS DE INFORMACAO","VT","N"
205824,"20112","CIÊNCIA DA COMPUTAÇÃO","VT","N"
205981,"20112","CIÊNCIA DA COMPUTAÇÃO","VT","N"
197672,"20111","CIÊNCIA DA COMPUTAÇÃO","ES","E"
197743,"20111","CIÊNCIA DA COMPUTAÇÃO","ES","N"
197744,"20111","CIÊNCIA DA COMPUTAÇÃO","ES","E"
197834,"20111","CIÊNCIA DA COMPUTAÇÃO","ES","N"
200618,"20112","CIÊNCIA DA COMPUTAÇÃO","VT","N"
200633,"20111","SISTEMAS DE INFORMACAO","VT","E"
200646,"20111","SISTEMAS DE INFORMACAO","VT","N"
200683,"20111","CIÊNCIA DA COMPUTAÇÃO","VT","N"
200689,"20111","SISTEMAS DE INFORMACAO","VT","E"
200717,"20112","CIÊNCIA DA COMPUTAÇÃO","VT","N"
200755,"20112","CIÊNCIA DA COMPUTAÇÃO","VT","N"
200757,"20112","SISTEMAS DE INFORMACAO","VT","N"
200759,"20111","SISTEMAS DE INFORMACAO","VT","N"
200815,"20111","SISTEMAS DE INFORMACAO","VT","N"
200859,"20111","SISTEMAS DE INFORMACAO","VT","E"
203308,"20111","SISTEMAS DE INFORMACAO","VT","N"
203399,"20112","SISTEMAS DE INFORMACAO","VT","N"
203452,"20111","SISTEMAS DE INFORMACAO","VT","E"
203484,"20111","SISTEMAS DE INFORMACAO","VT","N"
203525,"20112","CIÊNCIA DA COMPUTAÇÃO","VT","N"
203552,"20112","SISTEMAS DE INFORMACAO","VT","N"
206195,"20112","SISTEMAS DE INFORMACAO","VT","T"
206361,"20112","SISTEMAS DE INFORMACAO","VT","N"
206366,"20112","SISTEMAS DE INFORMACAO","VT","N"
206372,"20112","SISTEMAS DE INFORMACAO","VT","N"
215979,"20121","SISTEMAS DE INFORMACAO","VT","E"
215984,"20122","CIÊNCIA DA COMPUTAÇÃO","VT","N"
215987,"20121","CIÊNCIA DA COMPUTAÇÃO","VT","N"
216008,"20122","SISTEMAS DE INFORMACAO","VT","N"
216043,"20121","CIÊNCIA DA COMPUTAÇÃO","ES","N"
216091,"20121","CIÊNCIA DA COMPUTAÇÃO","VT","N"
216097,"20121","CIÊNCIA DA COMPUTAÇÃO","VT","N"
216140,"20121","CIÊNCIA DA COMPUTAÇÃO","ES","N"
216141,"20121","CIÊNCIA DA COMPUTAÇÃO","ES","N"
216164,"20122","SISTEMAS DE INFORMACAO","VT","N"
216169,"20121","CIÊNCIA DA COMPUTAÇÃO","VT","N"
218799,"20122","CIÊNCIA DA COMPUTAÇÃO","VT","N"
218818,"20121","CIÊNCIA DA COMPUTAÇÃO","ES","N"
218821,"20121","CIÊNCIA DA COMPUTAÇÃO","ES","N"
219012,"20121","CIÊNCIA DA COMPUTAÇÃO","ES","N"
221844,"20121","CIÊNCIA DA COMPUTAÇÃO","ES","N"
224531,"20122","CIÊNCIA DA COMPUTAÇÃO","ES","N"
224532,"20122","CIÊNCIA DA COMPUTAÇÃO","ES","N"
216371,"20121","CIÊNCIA DA COMPUTAÇÃO","VT","N"
216388,"20121","CIÊNCIA DA COMPUTAÇÃO","ES","E"
216394,"20121","SISTEMAS DE INFORMACAO","VT","N"
219203,"20121","CIÊNCIA DA COMPUTAÇÃO","ES","N"
221954,"20122","SISTEMAS DE INFORMACAO","VT","N"
221990,"20121","CIÊNCIA DA COMPUTAÇÃO","VT","N"
222015,"20121","CIÊNCIA DA COMPUTAÇÃO","VT","N"
222038,"20121","SISTEMAS DE INFORMACAO","VT","N"
222049,"20122","CIÊNCIA DA COMPUTAÇÃO","VT","N"
224768,"20122","CIÊNCIA DA COMPUTAÇÃO","ES","N"
225157,"20121","CIÊNCIA DA COMPUTAÇÃO","ES","N"
225158,"20121","CIÊNCIA DA COMPUTAÇÃO","ES","N"
225387,"20122","CIÊNCIA DA COMPUTAÇÃO","ES","N"
225519,"20122","SISTEMAS DE INFORMACAO","VT","N"
225692,"20121","CIÊNCIA DA COMPUTAÇÃO","ES","E"
227977,"20122","SISTEMAS DE INFORMACAO","VT","N"
228007,"20122","SISTEMAS DE INFORMACAO","VT","N"
228336,"20122","SISTEMAS DE INFORMACAO","VT","N"
229575,"20122","CIÊNCIA DA COMPUTAÇÃO","ES","N"
229617,"20122","CIÊNCIA DA COMPUTAÇÃO","ES","N"
228775,"20122","SISTEMAS DE INFORMACAO","VT","N"
228826,"20122","SISTEMAS DE INFORMACAO","VT","N"
228919,"20122","CIÊNCIA DA COMPUTAÇÃO","VT","N"
228936,"20122","CIÊNCIA DA COMPUTAÇÃO","VT","N"
229378,"20122","CIÊNCIA DA COMPUTAÇÃO","VT","N"
213488,"20122","SISTEMAS DE INFORMACAO","VT","N"
213561,"20121","CIÊNCIA DA COMPUTAÇÃO","VT","N"
213571,"20121","CIÊNCIA DA COMPUTAÇÃO","VT","N"
213581,"20121","CIÊNCIA DA COMPUTAÇÃO","ES","N"
213658,"20121","CIÊNCIA DA COMPUTAÇÃO","ES","N"
213673,"20122","SISTEMAS DE INFORMACAO","VT","N"
216610,"20121","SISTEMAS DE INFORMACAO","VT","N"
216705,"20122","SISTEMAS DE INFORMACAO","VT","N"
219390,"20121","CIÊNCIA DA COMPUTAÇÃO","ES","N"
219513,"20121","CIÊNCIA DA COMPUTAÇÃO","ES","N"
219567,"20121","CIÊNCIA DA COMPUTAÇÃO","ES","N"
222166,"20121","SISTEMAS DE INFORMACAO","VT","N"
222180,"20122","SISTEMAS DE INFORMACAO","VT","N"
222190,"20122","CIÊNCIA DA COMPUTAÇÃO","VT","N"
222192,"20121","CIÊNCIA DA COMPUTAÇÃO","VT","N"
222193,"20122","SISTEMAS DE INFORMACAO","VT","N"
222206,"20121","SISTEMAS DE INFORMACAO","VT","N"
222209,"20122","CIÊNCIA DA COMPUTAÇÃO","VT","N"
222219,"20122","SISTEMAS DE INFORMACAO","VT","T"
222364,"20121","CIÊNCIA DA COMPUTAÇÃO","VT","N"
222372,"20121","SISTEMAS DE INFORMACAO","VT","N"
222403,"20122","CIÊNCIA DA COMPUTAÇÃO","VT","N"
213729,"20121","CIÊNCIA DA COMPUTAÇÃO","VT","N"
213731,"20121","CIÊNCIA DA COMPUTAÇÃO","VT","N"
213777,"20121","CIÊNCIA DA COMPUTAÇÃO","ES","E"
213800,"20121","SISTEMAS DE INFORMACAO","VT","N"
213810,"20122","CIÊNCIA DA COMPUTAÇÃO","VT","N"
213844,"20121","SISTEMAS DE INFORMACAO","VT","N"
213942,"20121","CIÊNCIA DA COMPUTAÇÃO","VT","N"
216806,"20121","CIÊNCIA DA COMPUTAÇÃO","ES","N"
216913,"20121","CIÊNCIA DA COMPUTAÇÃO","ES","N"
216925,"20121","CIÊNCIA DA COMPUTAÇÃO","ES","N"
216966,"20121","CIÊNCIA DA COMPUTAÇÃO","ES","N"
219647,"20121","CIÊNCIA DA COMPUTAÇÃO","ES","N"
219648,"20121","CIÊNCIA DA COMPUTAÇÃO","ES","N"
219692,"20121","CIÊNCIA DA COMPUTAÇÃO","ES","N"
219693,"20121","CIÊNCIA DA COMPUTAÇÃO","ES","N"
219868,"20121","CIÊNCIA DA COMPUTAÇÃO","VT","N"
219873,"20122","SISTEMAS DE INFORMACAO","VT","N"
219895,"20121","SISTEMAS DE INFORMACAO","VT","N"
222445,"20121","CIÊNCIA DA COMPUTAÇÃO","ES","N"
222446,"20121","CIÊNCIA DA COMPUTAÇÃO","ES","N"
222460,"20122","SISTEMAS DE INFORMACAO","VT","N"
214016,"20122","SISTEMAS DE INFORMACAO","VT","N"
214053,"20122","SISTEMAS DE INFORMACAO","VT","N"
214068,"20121","SISTEMAS DE INFORMACAO","VT","N"
214157,"20121","CIÊNCIA DA COMPUTAÇÃO","ES","N"
214158,"20121","CIÊNCIA DA COMPUTAÇÃO","ES","N"
214175,"20122","SISTEMAS DE INFORMACAO","VT","E"
214221,"20121","CIÊNCIA DA COMPUTAÇÃO","ES","N"
214238,"20122","SISTEMAS DE INFORMACAO","VT","N"
214263,"20122","CIÊNCIA DA COMPUTAÇÃO","VT","N"
217190,"20121","CIÊNCIA DA COMPUTAÇÃO","ES","N"
219950,"20122","SISTEMAS DE INFORMACAO","VT","N"
220026,"20122","SISTEMAS DE INFORMACAO","VT","N"
220044,"20121","SISTEMAS DE INFORMACAO","VT","N"
222733,"20121","CIÊNCIA DA COMPUTAÇÃO","ES","N"
222761,"20121","CIÊNCIA DA COMPUTAÇÃO","VT","N"
222805,"20122","CIÊNCIA DA COMPUTAÇÃO","VT","N"
222811,"20121","SISTEMAS DE INFORMACAO","VT","N"
222829,"20121","SISTEMAS DE INFORMACAO","VT","N"
222872,"20121","CIÊNCIA DA COMPUTAÇÃO","ES","N"
222887,"20121","CIÊNCIA DA COMPUTAÇÃO","CV","E"
222933,"20122","SISTEMAS DE INFORMACAO","VT","N"
222954,"20122","SISTEMAS DE INFORMACAO","VT","N"
214279,"20121","CIÊNCIA DA COMPUTAÇÃO","ES","N"
214312,"20122","SISTEMAS DE INFORMACAO","VT","N"
214337,"20112","CIÊNCIA DA COMPUTAÇÃO","ES","N"
214427,"20122","SISTEMAS DE INFORMACAO","VT","N"
214440,"20121","CIÊNCIA DA COMPUTAÇÃO","VT","N"
217412,"20121","CIÊNCIA DA COMPUTAÇÃO","ES","N"
217471,"20121","CIÊNCIA DA COMPUTAÇÃO","ES","E"
217599,"20121","CIÊNCIA DA COMPUTAÇÃO","ES","N"
220315,"20122","CIÊNCIA DA COMPUTAÇÃO","VT","N"
220333,"20122","SISTEMAS DE INFORMACAO","VT","N"
220336,"20122","CIÊNCIA DA COMPUTAÇÃO","VT","N"
220437,"20121","SISTEMAS DE INFORMACAO","VT","N"
223064,"20122","CIÊNCIA DA COMPUTAÇÃO","ES","N"
223141,"20122","CIÊNCIA DA COMPUTAÇÃO","VT","N"
223147,"20122","CIÊNCIA DA COMPUTAÇÃO","VT","N"
223164,"20122","CIÊNCIA DA COMPUTAÇÃO","VT","N"
214556,"20121","CIÊNCIA DA COMPUTAÇÃO","VT","N"
214675,"20122","SISTEMAS DE INFORMACAO","VT","T"
214708,"20121","CIÊNCIA DA COMPUTAÇÃO","ES","N"
214709,"20121","CIÊNCIA DA COMPUTAÇÃO","ES","N"
214716,"20121","CIÊNCIA DA COMPUTAÇÃO","ES","N"
214752,"20121","CIÊNCIA DA COMPUTAÇÃO","VT","N"
214778,"20122","CIÊNCIA DA COMPUTAÇÃO","VT","N"
217753,"20121","CIÊNCIA DA COMPUTAÇÃO","ES","N"
217758,"20121","CIÊNCIA DA COMPUTAÇÃO","ES","N"
220458,"20122","CIÊNCIA DA COMPUTAÇÃO","VT","N"
220494,"20121","CIÊNCIA DA COMPUTAÇÃO","VT","N"
220662,"20121","SISTEMAS DE INFORMACAO","VT","N"
220666,"20121","CIÊNCIA DA COMPUTAÇÃO","VT","N"
223304,"20122","CIÊNCIA DA COMPUTAÇÃO","VT","N"
214897,"20121","SISTEMAS DE INFORMACAO","VT","N"
215013,"20121","SISTEMAS DE INFORMACAO","VT","N"
217949,"20121","CIÊNCIA DA COMPUTAÇÃO","ES","N"
217950,"20121","CIÊNCIA DA COMPUTAÇÃO","ES","N"
218123,"20121","CIÊNCIA DA COMPUTAÇÃO","NT","N"
220884,"20121","CIÊNCIA DA COMPUTAÇÃO","VT","N"
220911,"20121","CIÊNCIA DA COMPUTAÇÃO","ES","E"
220928,"20121","CIÊNCIA DA COMPUTAÇÃO","ES","N"
223594,"20131","CIÊNCIA DA COMPUTAÇÃO","ES","N"
223618,"20122","CIÊNCIA DA COMPUTAÇÃO","VT","N"
223621,"20122","CIÊNCIA DA COMPUTAÇÃO","VT","N"
223636,"20122","CIÊNCIA DA COMPUTAÇÃO","VT","N"
223638,"20122","CIÊNCIA DA COMPUTAÇÃO","VT","N"
223640,"20122","CIÊNCIA DA COMPUTAÇÃO","VT","N"
223678,"20122","CIÊNCIA DA COMPUTAÇÃO","ES","T"
223761,"20121","CIÊNCIA DA COMPUTAÇÃO","ES","N"
223763,"20121","CIÊNCIA DA COMPUTAÇÃO","ES","N"
223785,"20122","CIÊNCIA DA COMPUTAÇÃO","VT","N"
223786,"20122","CIÊNCIA DA COMPUTAÇÃO","VT","N"
223787,"20122","CIÊNCIA DA COMPUTAÇÃO","VT","N"
223788,"20122","CIÊNCIA DA COMPUTAÇÃO","VT","N"
215182,"20121","CIÊNCIA DA COMPUTAÇÃO","ES","N"
215267,"20122","SISTEMAS DE INFORMACAO","VT","N"
215339,"20122","CIÊNCIA DA COMPUTAÇÃO","VT","N"
215353,"20121","SISTEMAS DE INFORMACAO","VT","E"
218338,"20121","CIÊNCIA DA COMPUTAÇÃO","ES","N"
218440,"20121","CIÊNCIA DA COMPUTAÇÃO","ES","N"
221072,"20122","CIÊNCIA DA COMPUTAÇÃO","VT","N"
221089,"20122","CIÊNCIA DA COMPUTAÇÃO","VT","N"
223835,"20122","CIÊNCIA DA COMPUTAÇÃO","ES","N"
215420,"20121","CIÊNCIA DA COMPUTAÇÃO","ES","N"
215541,"20121","CIÊNCIA DA COMPUTAÇÃO","ES","N"
215608,"20121","CIÊNCIA DA COMPUTAÇÃO","VT","N"
215630,"20121","SISTEMAS DE INFORMACAO","VT","N"
218513,"20121","CIÊNCIA DA COMPUTAÇÃO","ES","N"
218654,"20121","CIÊNCIA DA COMPUTAÇÃO","NT","N"
218761,"20121","CIÊNCIA DA COMPUTAÇÃO","ES","N"
221314,"20121","SISTEMAS DE INFORMACAO","VT","N"
215688,"20121","CIÊNCIA DA COMPUTAÇÃO","VT","N"
215730,"20121","SISTEMAS DE INFORMACAO","VT","N"
215742,"20121","SISTEMAS DE INFORMACAO","VT","N"
215840,"20121","SISTEMAS DE INFORMACAO","VT","N"
215923,"20122","SISTEMAS DE INFORMACAO","VT","N"
341769,"20131","CIÊNCIA DA COMPUTAÇÃO","ES","N"
341770,"20131","CIÊNCIA DA COMPUTAÇÃO","ES","N"
341934,"20131","CIÊNCIA DA COMPUTAÇÃO","VT","N"
341935,"20132","CIÊNCIA DA COMPUTAÇÃO","VT","C"
341936,"20132","CIÊNCIA DA COMPUTAÇÃO","VT","C"
341937,"20132","CIÊNCIA DA COMPUTAÇÃO","VT","C"
341938,"20132","CIÊNCIA DA COMPUTAÇÃO","VT","C"
341939,"20132","CIÊNCIA DA COMPUTAÇÃO","VT","C"
341940,"20131","CIÊNCIA DA COMPUTAÇÃO","VT","N"
341941,"20131","CIÊNCIA DA COMPUTAÇÃO","VT","N"
341942,"20131","CIÊNCIA DA COMPUTAÇÃO","VT","N"
341943,"20132","CIÊNCIA DA COMPUTAÇÃO","VT","C"
341944,"20132","CIÊNCIA DA COMPUTAÇÃO","VT","C"
341957,"20131","CIÊNCIA DA COMPUTAÇÃO","ES","N"
342016,"20132","CIÊNCIA DA COMPUTAÇÃO","VT","C"
342017,"20131","CIÊNCIA DA COMPUTAÇÃO","VT","N"
342018,"20132","CIÊNCIA DA COMPUTAÇÃO","VT","C"
342019,"20132","CIÊNCIA DA COMPUTAÇÃO","VT","C"
342020,"20132","CIÊNCIA DA COMPUTAÇÃO","VT","C"
342021,"20131","CIÊNCIA DA COMPUTAÇÃO","VT","N"
342022,"20131","CIÊNCIA DA COMPUTAÇÃO","VT","N"
342023,"20132","CIÊNCIA DA COMPUTAÇÃO","VT","C"
342024,"20131","CIÊNCIA DA COMPUTAÇÃO","VT","N"
342025,"20131","CIÊNCIA DA COMPUTAÇÃO","VT","N"
342026,"20131","CIÊNCIA DA COMPUTAÇÃO","VT","N"
342027,"20131","CIÊNCIA DA COMPUTAÇÃO","VT","N"
342028,"20131","CIÊNCIA DA COMPUTAÇÃO","VT","N"
342029,"20131","CIÊNCIA DA COMPUTAÇÃO","VT","N"
342030,"20132","CIÊNCIA DA COMPUTAÇÃO","VT","C"
342031,"20132","CIÊNCIA DA COMPUTAÇÃO","VT","C"
342032,"20132","CIÊNCIA DA COMPUTAÇÃO","VT","C"
342033,"20132","CIÊNCIA DA COMPUTAÇÃO","VT","C"
342034,"20131","CIÊNCIA DA COMPUTAÇÃO","VT","N"
342035,"20131","CIÊNCIA DA COMPUTAÇÃO","VT","N"
342036,"20131","CIÊNCIA DA COMPUTAÇÃO","VT","C"
342037,"20132","CIÊNCIA DA COMPUTAÇÃO","VT","C"
342038,"20132","CIÊNCIA DA COMPUTAÇÃO","VT","C"
342039,"20132","CIÊNCIA DA COMPUTAÇÃO","VT","C"
342040,"20132","CIÊNCIA DA COMPUTAÇÃO","VT","C"
342041,"20131","CIÊNCIA DA COMPUTAÇÃO","VT","N"
342042,"20131","CIÊNCIA DA COMPUTAÇÃO","VT","N"
342043,"20132","CIÊNCIA DA COMPUTAÇÃO","VT","C"
342044,"20131","CIÊNCIA DA COMPUTAÇÃO","VT","C"
342045,"20132","CIÊNCIA DA COMPUTAÇÃO","VT","C"
342046,"20132","CIÊNCIA DA COMPUTAÇÃO","VT","C"
342047,"20131","CIÊNCIA DA COMPUTAÇÃO","VT","N"
342048,"20132","CIÊNCIA DA COMPUTAÇÃO","VT","C"
342049,"20131","CIÊNCIA DA COMPUTAÇÃO","VT","N"
342050,"20131","CIÊNCIA DA COMPUTAÇÃO","VT","N"
342051,"20132","CIÊNCIA DA COMPUTAÇÃO","VT","C"
342052,"20131","CIÊNCIA DA COMPUTAÇÃO","VT","C"
342053,"20131","CIÊNCIA DA COMPUTAÇÃO","VT","N"
342054,"20131","CIÊNCIA DA COMPUTAÇÃO","VT","N"
342055,"20132","CIÊNCIA DA COMPUTAÇÃO","VT","C"
342056,"20132","CIÊNCIA DA COMPUTAÇÃO","VT","C"
342057,"20131","CIÊNCIA DA COMPUTAÇÃO","VT","N"
342058,"20132","CIÊNCIA DA COMPUTAÇÃO","VT","C"
342059,"20132","CIÊNCIA DA COMPUTAÇÃO","VT","C"
342060,"20131","CIÊNCIA DA COMPUTAÇÃO","VT","N"
342061,"20131","CIÊNCIA DA COMPUTAÇÃO","VT","N"
342062,"20131","CIÊNCIA DA COMPUTAÇÃO","VT","N"
342063,"20132","CIÊNCIA DA COMPUTAÇÃO","VT","C"
342064,"20131","CIÊNCIA DA COMPUTAÇÃO","VT","C"
342065,"20132","CIÊNCIA DA COMPUTAÇÃO","VT","C"
342066,"20131","CIÊNCIA DA COMPUTAÇÃO","VT","N"
342067,"20131","CIÊNCIA DA COMPUTAÇÃO","VT","N"
342147,"20131","CIÊNCIA DA COMPUTAÇÃO","VT","N"
342148,"20131","CIÊNCIA DA COMPUTAÇÃO","VT","N"
342149,"20131","CIÊNCIA DA COMPUTAÇÃO","VT","N"
342150,"20131","CIÊNCIA DA COMPUTAÇÃO","VT","N"
342151,"20132","CIÊNCIA DA COMPUTAÇÃO","VT","C"
342152,"20132","CIÊNCIA DA COMPUTAÇÃO","VT","C"
342153,"20131","CIÊNCIA DA COMPUTAÇÃO","VT","N"
342154,"20131","CIÊNCIA DA COMPUTAÇÃO","VT","N"
342155,"20132","CIÊNCIA DA COMPUTAÇÃO","VT","C"
342156,"20132","CIÊNCIA DA COMPUTAÇÃO","VT","C"
342157,"20131","CIÊNCIA DA COMPUTAÇÃO","VT","N"
342158,"20132","CIÊNCIA DA COMPUTAÇÃO","VT","C"
342159,"20131","CIÊNCIA DA COMPUTAÇÃO","VT","N"
342160,"20132","CIÊNCIA DA COMPUTAÇÃO","VT","C"
342161,"20131","CIÊNCIA DA COMPUTAÇÃO","VT","N"
342162,"20131","CIÊNCIA DA COMPUTAÇÃO","VT","N"
342163,"20131","CIÊNCIA DA COMPUTAÇÃO","VT","N"
342206,"20131","CIÊNCIA DA COMPUTAÇÃO","ES","N"
342207,"20131","CIÊNCIA DA COMPUTAÇÃO","ES","N"
342248,"20131","CIÊNCIA DA COMPUTAÇÃO","ES","N"
342632,"20131","CIÊNCIA DA COMPUTAÇÃO","ES","N"
342801,"20131","CIÊNCIA DA COMPUTAÇÃO","ES","N"
343098,"20131","CIÊNCIA DA COMPUTAÇÃO","ES","N"
343178,"20131","CIÊNCIA DA COMPUTAÇÃO","ES","N"
343179,"20131","CIÊNCIA DA COMPUTAÇÃO","ES","N"
343450,"20131","CIÊNCIA DA COMPUTAÇÃO","TC","N"
343451,"20131","CIÊNCIA DA COMPUTAÇÃO","TC","N"
343452,"20131","CIÊNCIA DA COMPUTAÇÃO","NT","N"
343453,"20131","CIÊNCIA DA COMPUTAÇÃO","TC","C"
343454,"20131","CIÊNCIA DA COMPUTAÇÃO","TC","N"
343455,"20131","CIÊNCIA DA COMPUTAÇÃO","TC","N"
343456,"20131","CIÊNCIA DA COMPUTAÇÃO","TC","N"
343457,"20131","CIÊNCIA DA COMPUTAÇÃO","TC","N"
343458,"20131","CIÊNCIA DA COMPUTAÇÃO","NT","C"
343459,"20131","CIÊNCIA DA COMPUTAÇÃO","TC","N"
343548,"20131","CIÊNCIA DA COMPUTAÇÃO","ES","N"
343659,"20131","CIÊNCIA DA COMPUTAÇÃO","ES","N"
343678,"20131","CIÊNCIA DA COMPUTAÇÃO","ES","N"
343679,"20131","CIÊNCIA DA COMPUTAÇÃO","ES","N"
343683,"20131","CIÊNCIA DA COMPUTAÇÃO","ES","N"
343883,"20131","CIÊNCIA DA COMPUTAÇÃO","ES","N"
343884,"20131","CIÊNCIA DA COMPUTAÇÃO","ES","N"
343887,"20131","CIÊNCIA DA COMPUTAÇÃO","ES","N"
343909,"20131","CIÊNCIA DA COMPUTAÇÃO","ES","N"
344008,"20131","CIÊNCIA DA COMPUTAÇÃO","ES","N"
344011,"20131","CIÊNCIA DA COMPUTAÇÃO","ES","N"
344102,"20131","CIÊNCIA DA COMPUTAÇÃO","ES","N"
344111,"20131","CIÊNCIA DA COMPUTAÇÃO","ES","N"
344289,"20131","CIÊNCIA DA COMPUTAÇÃO","ES","N"
344306,"20131","CIÊNCIA DA COMPUTAÇÃO","ES","N"
344307,"20131","CIÊNCIA DA COMPUTAÇÃO","ES","N"
344402,"20131","CIÊNCIA DA COMPUTAÇÃO","ES","N"
344417,"20131","CIÊNCIA DA COMPUTAÇÃO","ES","N"
344494,"20131","SISTEMAS DE INFORMACAO","VT","N"
344495,"20131","SISTEMAS DE INFORMACAO","VT","N"
344496,"20132","SISTEMAS DE INFORMACAO","VT","C"
344497,"20132","SISTEMAS DE INFORMACAO","VT","C"
344498,"20131","SISTEMAS DE INFORMACAO","VT","N"
344499,"20132","SISTEMAS DE INFORMACAO","VT","C"
344500,"20131","SISTEMAS DE INFORMACAO","VT","N"
344501,"20131","SISTEMAS DE INFORMACAO","VT","N"
344502,"20131","SISTEMAS DE INFORMACAO","VT","N"
344503,"20132","SISTEMAS DE INFORMACAO","VT","C"
344504,"20132","SISTEMAS DE INFORMACAO","VT","C"
344505,"20131","SISTEMAS DE INFORMACAO","VT","N"
344506,"20132","SISTEMAS DE INFORMACAO","VT","C"
344507,"20131","SISTEMAS DE INFORMACAO","VT","N"
344508,"20132","SISTEMAS DE INFORMACAO","VT","C"
344509,"20131","SISTEMAS DE INFORMACAO","VT","N"
344510,"20132","SISTEMAS DE INFORMACAO","VT","C"
344511,"20131","SISTEMAS DE INFORMACAO","VT","N"
344512,"20132","SISTEMAS DE INFORMACAO","VT","C"
344513,"20132","SISTEMAS DE INFORMACAO","VT","C"
344514,"20131","SISTEMAS DE INFORMACAO","VT","N"
344515,"20132","SISTEMAS DE INFORMACAO","VT","C"
344516,"20131","SISTEMAS DE INFORMACAO","VT","N"
344517,"20131","SISTEMAS DE INFORMACAO","VT","N"
344518,"20132","SISTEMAS DE INFORMACAO","VT","C"
344519,"20132","SISTEMAS DE INFORMACAO","VT","C"
344520,"20132","SISTEMAS DE INFORMACAO","VT","C"
344561,"20131","SISTEMAS DE INFORMACAO","VT","N"
344562,"20132","SISTEMAS DE INFORMACAO","VT","C"
344563,"20132","SISTEMAS DE INFORMACAO","VT","C"
344564,"20132","SISTEMAS DE INFORMACAO","VT","C"
344565,"20132","SISTEMAS DE INFORMACAO","VT","C"
344566,"20132","SISTEMAS DE INFORMACAO","VT","C"
344567,"20131","SISTEMAS DE INFORMACAO","VT","N"
344568,"20132","SISTEMAS DE INFORMACAO","VT","C"
344569,"20132","SISTEMAS DE INFORMACAO","VT","C"
344570,"20131","SISTEMAS DE INFORMACAO","VT","N"
344571,"20131","SISTEMAS DE INFORMACAO","VT","N"
344572,"20132","SISTEMAS DE INFORMACAO","VT","C"
344573,"20132","SISTEMAS DE INFORMACAO","VT","C"
344574,"20131","SISTEMAS DE INFORMACAO","VT","N"
344575,"20131","SISTEMAS DE INFORMACAO","VT","N"
344576,"20131","SISTEMAS DE INFORMACAO","VT","C"
344577,"20131","SISTEMAS DE INFORMACAO","VT","N"
344578,"20132","SISTEMAS DE INFORMACAO","VT","C"
344579,"20132","SISTEMAS DE INFORMACAO","VT","C"
344580,"20132","SISTEMAS DE INFORMACAO","VT","C"
344581,"20131","SISTEMAS DE INFORMACAO","VT","N"
344582,"20132","SISTEMAS DE INFORMACAO","VT","C"
344583,"20132","SISTEMAS DE INFORMACAO","VT","C"
344584,"20131","SISTEMAS DE INFORMACAO","VT","C"
344585,"20131","SISTEMAS DE INFORMACAO","VT","N"
344586,"20131","SISTEMAS DE INFORMACAO","VT","N"
344587,"20131","SISTEMAS DE INFORMACAO","VT","N"
344588,"20131","SISTEMAS DE INFORMACAO","VT","N"
344589,"20131","SISTEMAS DE INFORMACAO","VT","N"
344590,"20131","SISTEMAS DE INFORMACAO","VT","N"
344591,"20132","SISTEMAS DE INFORMACAO","VT","C"
344592,"20132","SISTEMAS DE INFORMACAO","VT","C"
344593,"20131","SISTEMAS DE INFORMACAO","VT","N"
344594,"20131","SISTEMAS DE INFORMACAO","VT","N"
344595,"20131","SISTEMAS DE INFORMACAO","VT","N"
344596,"20131","SISTEMAS DE INFORMACAO","VT","N"
344597,"20132","SISTEMAS DE INFORMACAO","VT","C"
344598,"20131","SISTEMAS DE INFORMACAO","VT","N"
344599,"20131","SISTEMAS DE INFORMACAO","VT","N"
344600,"20132","SISTEMAS DE INFORMACAO","VT","C"
344601,"20132","SISTEMAS DE INFORMACAO","VT","C"
344602,"20132","SISTEMAS DE INFORMACAO","VT","C"
344603,"20132","SISTEMAS DE INFORMACAO","VT","C"
344604,"20132","SISTEMAS DE INFORMACAO","VT","C"
344605,"20132","SISTEMAS DE INFORMACAO","VT","C"
344606,"20131","SISTEMAS DE INFORMACAO","VT","N"
344607,"20131","SISTEMAS DE INFORMACAO","VT","N"
344608,"20132","SISTEMAS DE INFORMACAO","VT","C"
344609,"20131","SISTEMAS DE INFORMACAO","VT","N"
344610,"20131","SISTEMAS DE INFORMACAO","VT","N"
344611,"20131","SISTEMAS DE INFORMACAO","VT","N"
344612,"20131","SISTEMAS DE INFORMACAO","VT","N"
344613,"20131","SISTEMAS DE INFORMACAO","VT","N"
344634,"20131","CIÊNCIA DA COMPUTAÇÃO","ES","N"
344635,"20131","CIÊNCIA DA COMPUTAÇÃO","ES","N"
344636,"20131","CIÊNCIA DA COMPUTAÇÃO","ES","N"
344739,"20131","CIÊNCIA DA COMPUTAÇÃO","ES","N"
344863,"20131","CIÊNCIA DA COMPUTAÇÃO","ES","N"
344864,"20131","CIÊNCIA DA COMPUTAÇÃO","ES","N"
344868,"20131","CIÊNCIA DA COMPUTAÇÃO","ES","N"
344881,"20131","CIÊNCIA DA COMPUTAÇÃO","ES","N"
344973,"20131","CIÊNCIA DA COMPUTAÇÃO","ES","N"
344997,"20131","CIÊNCIA DA COMPUTAÇÃO","ES","N"
345087,"20131","CIÊNCIA DA COMPUTAÇÃO","ES","N"
345114,"20131","CIÊNCIA DA COMPUTAÇÃO","ES","N"
345143,"20131","CIÊNCIA DA COMPUTAÇÃO","ES","N"
345153,"20131","CIÊNCIA DA COMPUTAÇÃO","ES","N"
345159,"20131","CIÊNCIA DA COMPUTAÇÃO","ES","N"
345196,"20131","CIÊNCIA DA COMPUTAÇÃO","ES","N"
345200,"20131","CIÊNCIA DA COMPUTAÇÃO","ES","N"
350079,"20131","CIÊNCIA DA COMPUTAÇÃO","ES","N"
350080,"20131","CIÊNCIA DA COMPUTAÇÃO","ES","N"
350215,"20131","CIÊNCIA DA COMPUTAÇÃO","ES","N"
352908,"20131","CIÊNCIA DA COMPUTAÇÃO","TC","N"
352909,"20131","CIÊNCIA DA COMPUTAÇÃO","NT","N"
353120,"20131","CIÊNCIA DA COMPUTAÇÃO","ES","N"
350485,"20131","CIÊNCIA DA COMPUTAÇÃO","ES","N"
350588,"20131","CIÊNCIA DA COMPUTAÇÃO","ES","N"
350589,"20131","CIÊNCIA DA COMPUTAÇÃO","ES","N"
353309,"20131","CIÊNCIA DA COMPUTAÇÃO","ES","N"
350700,"20131","CIÊNCIA DA COMPUTAÇÃO","ES","N"
353560,"20131","CIÊNCIA DA COMPUTAÇÃO","ES","N"
353694,"20131","CIÊNCIA DA COMPUTAÇÃO","ES","N"
353758,"20131","CIÊNCIA DA COMPUTAÇÃO","ES","N"
351037,"20131","CIÊNCIA DA COMPUTAÇÃO","ES","N"
351120,"20131","CIÊNCIA DA COMPUTAÇÃO","ES","N"
354006,"20131","CIÊNCIA DA COMPUTAÇÃO","ES","N"
351415,"20131","CIÊNCIA DA COMPUTAÇÃO","ES","N"
351416,"20131","CIÊNCIA DA COMPUTAÇÃO","ES","N"
351417,"20131","CIÊNCIA DA COMPUTAÇÃO","ES","N"
354150,"20131","CIÊNCIA DA COMPUTAÇÃO","ES","N"
354314,"20131","CIÊNCIA DA COMPUTAÇÃO","ES","N"
351692,"20131","CIÊNCIA DA COMPUTAÇÃO","ES","N"
352150,"20131","CIÊNCIA DA COMPUTAÇÃO","ES","N"
352177,"20131","CIÊNCIA DA COMPUTAÇÃO","ES","N"
352250,"20131","CIÊNCIA DA COMPUTAÇÃO","ES","N"
352323,"20131","CIÊNCIA DA COMPUTAÇÃO","ES","N"
352568,"20131","CIÊNCIA DA COMPUTAÇÃO","ES","N"
349988,"20131","CIÊNCIA DA COMPUTAÇÃO","ES","N"
